"","DT_SIN_PRI","location","n.events"
"1",2023-11-01,"Belo Horizonte",0.220344538686106
"2",2023-11-01,"Manaus",0.0670246340412727
"3",2023-11-01,"Fortaleza",0.13467036794872
"4",2023-11-01,"Rio de Janeiro",0.104538188372886
"5",2023-11-01,"São Paulo",0.0172778569051569
"6",2023-11-01,"Curitiba",0.00173984816075611
"7",2023-11-01,"Recife",0.0917033823173844
"8",2023-11-02,"Belo Horizonte",0.220345834269032
"9",2023-11-02,"Manaus",0.0670251186104108
"10",2023-11-02,"Fortaleza",0.134670779690272
"11",2023-11-02,"Rio de Janeiro",0.104543823333988
"12",2023-11-02,"São Paulo",0.0172785554731536
"13",2023-11-02,"Curitiba",0.00173984816075611
"14",2023-11-02,"Recife",0.0917040539451414
"15",2023-11-03,"Belo Horizonte",0.22034972101781
"16",2023-11-03,"Manaus",0.0670251186104108
"17",2023-11-03,"Fortaleza",0.134673661881132
"18",2023-11-03,"Rio de Janeiro",0.104548653300646
"19",2023-11-03,"São Paulo",0.0172796033251487
"20",2023-11-03,"Curitiba",0.00173984816075611
"21",2023-11-03,"Recife",0.0917074120839266
"22",2023-11-04,"Belo Horizonte",0.220351880322687
"23",2023-11-04,"Manaus",0.0670251186104108
"24",2023-11-04,"Fortaleza",0.134674485364235
"25",2023-11-04,"Rio de Janeiro",0.104555898250634
"26",2023-11-04,"São Paulo",0.0172810004611422
"27",2023-11-04,"Curitiba",0.00173984816075611
"28",2023-11-04,"Recife",0.0917080837116836
"29",2023-11-05,"Belo Horizonte",0.220353175905612
"30",2023-11-05,"Manaus",0.0670256031795489
"31",2023-11-05,"Fortaleza",0.134675720588889
"32",2023-11-05,"Rio de Janeiro",0.104563948195066
"33",2023-11-05,"São Paulo",0.0172820483131373
"34",2023-11-05,"Curitiba",0.00173984816075611
"35",2023-11-05,"Recife",0.0917080837116836
"36",2023-11-06,"Belo Horizonte",0.22035706265439
"37",2023-11-06,"Manaus",0.0670256031795489
"38",2023-11-06,"Fortaleza",0.134676544071992
"39",2023-11-06,"Rio de Janeiro",0.104572159138385
"40",2023-11-06,"São Paulo",0.0172835327701303
"41",2023-11-06,"Curitiba",0.00173984816075611
"42",2023-11-06,"Recife",0.0917134567337399
"43",2023-11-07,"Belo Horizonte",0.220360517542193
"44",2023-11-07,"Manaus",0.0670256031795489
"45",2023-11-07,"Fortaleza",0.13467860277975
"46",2023-11-07,"Rio de Janeiro",0.104580209082817
"47",2023-11-07,"São Paulo",0.017284667943125
"48",2023-11-07,"Curitiba",0.00173984816075611
"49",2023-11-07,"Recife",0.091716143244768
"50",2023-11-08,"Belo Horizonte",0.220363108708045
"51",2023-11-08,"Manaus",0.0670256031795489
"52",2023-11-08,"Fortaleza",0.134679426262853
"53",2023-11-08,"Rio de Janeiro",0.104586327040584
"54",2023-11-08,"São Paulo",0.0172858031161197
"55",2023-11-08,"Curitiba",0.00174041194823529
"56",2023-11-08,"Recife",0.0917201730113102
"57",2023-11-09,"Belo Horizonte",0.220365699873897
"58",2023-11-09,"Manaus",0.0670256031795489
"59",2023-11-09,"Fortaleza",0.134680661487507
"60",2023-11-09,"Rio de Janeiro",0.104593249992795
"61",2023-11-09,"São Paulo",0.0172872002521132
"62",2023-11-09,"Curitiba",0.00174041194823529
"63",2023-11-09,"Recife",0.0917248744056094
"64",2023-11-10,"Belo Horizonte",0.220370450344625
"65",2023-11-10,"Manaus",0.0670256031795489
"66",2023-11-10,"Fortaleza",0.134681896712161
"67",2023-11-10,"Rio de Janeiro",0.104600816940561
"68",2023-11-10,"São Paulo",0.0172890339931046
"69",2023-11-10,"Curitiba",0.00174041194823529
"70",2023-11-10,"Recife",0.0917309190554227
"71",2023-11-11,"Belo Horizonte",0.220374337093403
"72",2023-11-11,"Manaus",0.067026572317825
"73",2023-11-11,"Fortaleza",0.134682720195264
"74",2023-11-11,"Rio de Janeiro",0.104608705886103
"75",2023-11-11,"São Paulo",0.0172901691660993
"76",2023-11-11,"Curitiba",0.00174041194823529
"77",2023-11-11,"Recife",0.0917315906831798
"78",2023-11-12,"Belo Horizonte",0.220379519425107
"79",2023-11-12,"Manaus",0.0670285105943774
"80",2023-11-12,"Fortaleza",0.13468436716147
"81",2023-11-12,"Rio de Janeiro",0.104614340847205
"82",2023-11-12,"São Paulo",0.0172918282650915
"83",2023-11-12,"Curitiba",0.00174041194823529
"84",2023-11-12,"Recife",0.0917315906831798
"85",2023-11-13,"Belo Horizonte",0.220382974312909
"86",2023-11-13,"Manaus",0.0670294797326535
"87",2023-11-13,"Fortaleza",0.134687249352331
"88",2023-11-13,"Rio de Janeiro",0.104621746796082
"89",2023-11-13,"São Paulo",0.0172927014750874
"90",2023-11-13,"Curitiba",0.00174097573571447
"91",2023-11-13,"Recife",0.0917329339386938
"92",2023-11-14,"Belo Horizonte",0.220386861061687
"93",2023-11-14,"Manaus",0.0670299643017916
"94",2023-11-14,"Fortaleza",0.134688484576985
"95",2023-11-14,"Rio de Janeiro",0.104626093766075
"96",2023-11-14,"São Paulo",0.0172941859320805
"97",2023-11-14,"Curitiba",0.00174097573571447
"98",2023-11-14,"Recife",0.0917349488219649
"99",2023-11-15,"Belo Horizonte",0.22039031594949
"100",2023-11-15,"Manaus",0.0670299643017916
"101",2023-11-15,"Fortaleza",0.134688896318536
"102",2023-11-15,"Rio de Janeiro",0.104632211723842
"103",2023-11-15,"São Paulo",0.0172954084260748
"104",2023-11-15,"Curitiba",0.00174097573571447
"105",2023-11-15,"Recife",0.0917356204497219
"106",2023-11-16,"Belo Horizonte",0.220395066420218
"107",2023-11-16,"Manaus",0.0670304488709297
"108",2023-11-16,"Fortaleza",0.134690543284742
"109",2023-11-16,"Rio de Janeiro",0.104640422667162
"110",2023-11-16,"São Paulo",0.0172965435990695
"111",2023-11-16,"Curitiba",0.00174097573571447
"112",2023-11-16,"Recife",0.091736963705236
"113",2023-11-17,"Belo Horizonte",0.220398089447045
"114",2023-11-17,"Manaus",0.0670309334400678
"115",2023-11-17,"Fortaleza",0.134691366767845
"116",2023-11-17,"Rio de Janeiro",0.104647989614928
"117",2023-11-17,"São Paulo",0.0172976787720642
"118",2023-11-17,"Curitiba",0.00174097573571447
"119",2023-11-17,"Recife",0.0917396502162641
"120",2023-11-18,"Belo Horizonte",0.220401544334848
"121",2023-11-18,"Manaus",0.0670309334400678
"122",2023-11-18,"Fortaleza",0.134691778509397
"123",2023-11-18,"Rio de Janeiro",0.104655395563804
"124",2023-11-18,"São Paulo",0.0172988139450589
"125",2023-11-18,"Curitiba",0.00174097573571447
"126",2023-11-18,"Recife",0.0917403218440212
"127",2023-11-19,"Belo Horizonte",0.220405862944601
"128",2023-11-19,"Manaus",0.0670309334400678
"129",2023-11-19,"Fortaleza",0.134694248958706
"130",2023-11-19,"Rio de Janeiro",0.104666343488231
"131",2023-11-19,"São Paulo",0.0172998617970539
"132",2023-11-19,"Curitiba",0.00174097573571447
"133",2023-11-19,"Recife",0.0917416650995352
"134",2023-11-20,"Belo Horizonte",0.22041147713728
"135",2023-11-20,"Manaus",0.0670309334400678
"136",2023-11-20,"Fortaleza",0.134695895924912
"137",2023-11-20,"Rio de Janeiro",0.104677130413769
"138",2023-11-20,"São Paulo",0.0173021321430433
"139",2023-11-20,"Curitiba",0.00174097573571447
"140",2023-11-20,"Recife",0.0917443516105634
"141",2023-11-21,"Belo Horizonte",0.220417091329959
"142",2023-11-21,"Manaus",0.0670309334400678
"143",2023-11-21,"Fortaleza",0.134696719408014
"144",2023-11-21,"Rio de Janeiro",0.104688883332638
"145",2023-11-21,"São Paulo",0.0173035292790368
"146",2023-11-21,"Curitiba",0.00174153952319365
"147",2023-11-21,"Recife",0.0917490530048626
"148",2023-11-22,"Belo Horizonte",0.220422705522638
"149",2023-11-22,"Manaus",0.0670309334400678
"150",2023-11-22,"Fortaleza",0.134697542891117
"151",2023-11-22,"Rio de Janeiro",0.10469806026929
"152",2023-11-22,"São Paulo",0.0173052756990286
"153",2023-11-22,"Curitiba",0.00174210331067284
"154",2023-11-22,"Recife",0.0917510678881337
"155",2023-11-23,"Belo Horizonte",0.220428751576293
"156",2023-11-23,"Manaus",0.0670309334400678
"157",2023-11-23,"Fortaleza",0.134698778115772
"158",2023-11-23,"Rio de Janeiro",0.104707237205942
"159",2023-11-23,"São Paulo",0.0173069347980209
"160",2023-11-23,"Curitiba",0.00174210331067284
"161",2023-11-23,"Recife",0.0917550976546759
"162",2023-11-24,"Belo Horizonte",0.220435661351898
"163",2023-11-24,"Manaus",0.0670314180092058
"164",2023-11-24,"Fortaleza",0.134700836823529
"165",2023-11-24,"Rio de Janeiro",0.10471673614037
"166",2023-11-24,"São Paulo",0.0173085065760135
"167",2023-11-24,"Curitiba",0.00174210331067284
"168",2023-11-24,"Recife",0.0917557692824329
"169",2023-11-25,"Belo Horizonte",0.220440411822626
"170",2023-11-25,"Manaus",0.0670319025783439
"171",2023-11-25,"Fortaleza",0.134701660306632
"172",2023-11-25,"Rio de Janeiro",0.10472961605146
"173",2023-11-25,"São Paulo",0.0173104276380045
"174",2023-11-25,"Curitiba",0.00174210331067284
"175",2023-11-25,"Recife",0.091757112537947
"176",2023-11-26,"Belo Horizonte",0.22044559415433
"177",2023-11-26,"Manaus",0.0670319025783439
"178",2023-11-26,"Fortaleza",0.134703307272838
"179",2023-11-26,"Rio de Janeiro",0.104743139958105
"180",2023-11-26,"São Paulo",0.0173126979839939
"181",2023-11-26,"Curitiba",0.00174379467311038
"182",2023-11-26,"Recife",0.0917591274212181
"183",2023-11-27,"Belo Horizonte",0.220455526956762
"184",2023-11-27,"Manaus",0.0670328717166201
"185",2023-11-27,"Fortaleza",0.134704130755941
"186",2023-11-27,"Rio de Janeiro",0.104756180868083
"187",2023-11-27,"São Paulo",0.0173140951199873
"188",2023-11-27,"Curitiba",0.00174548603554793
"189",2023-11-27,"Recife",0.0917624855600032
"190",2023-11-28,"Belo Horizonte",0.220462868593342
"191",2023-11-28,"Manaus",0.0670348099931724
"192",2023-11-28,"Fortaleza",0.134706189463698
"193",2023-11-28,"Rio de Janeiro",0.104768899780285
"194",2023-11-28,"São Paulo",0.0173160161819784
"195",2023-11-28,"Curitiba",0.00174548603554793
"196",2023-11-28,"Recife",0.0917631571877602
"197",2023-11-29,"Belo Horizonte",0.220468914646997
"198",2023-11-29,"Manaus",0.0670348099931724
"199",2023-11-29,"Fortaleza",0.134708659913007
"200",2023-11-29,"Rio de Janeiro",0.104777754719159
"201",2023-11-29,"São Paulo",0.017317587959971
"202",2023-11-29,"Curitiba",0.00174604982302711
"203",2023-11-29,"Recife",0.0917645004432743
"204",2023-11-30,"Belo Horizonte",0.220475392561627
"205",2023-11-30,"Manaus",0.0670352945623105
"206",2023-11-30,"Fortaleza",0.13470948339611
"207",2023-11-30,"Rio de Janeiro",0.104787092654699
"208",2023-11-30,"São Paulo",0.0173193343799628
"209",2023-11-30,"Curitiba",0.00174604982302711
"210",2023-11-30,"Recife",0.0917665153265454
"211",2023-12-01,"Belo Horizonte",0.220488780251861
"212",2023-12-01,"Manaus",0.0670357791314486
"213",2023-12-01,"Fortaleza",0.134709895137662
"214",2023-12-01,"Rio de Janeiro",0.10479868457468
"215",2023-12-01,"São Paulo",0.0173209061579555
"216",2023-12-01,"Curitiba",0.00174604982302711
"217",2023-12-01,"Recife",0.0917698734653306
"218",2023-12-02,"Belo Horizonte",0.220495258166491
"219",2023-12-02,"Manaus",0.0670372328388628
"220",2023-12-02,"Fortaleza",0.134711542103868
"221",2023-12-02,"Rio de Janeiro",0.104808666505775
"222",2023-12-02,"São Paulo",0.0173216047259522
"223",2023-12-02,"Curitiba",0.00174604982302711
"224",2023-12-02,"Recife",0.0917718883486017
"225",2023-12-03,"Belo Horizonte",0.2205073502738
"226",2023-12-03,"Manaus",0.0670377174080009
"227",2023-12-03,"Fortaleza",0.134711953845419
"228",2023-12-03,"Rio de Janeiro",0.104818970434647
"229",2023-12-03,"São Paulo",0.0173227398989469
"230",2023-12-03,"Curitiba",0.00174661361050629
"231",2023-12-03,"Recife",0.0917732316041157
"232",2023-12-04,"Belo Horizonte",0.22051469191038
"233",2023-12-04,"Manaus",0.067038201977139
"234",2023-12-04,"Fortaleza",0.134712365586971
"235",2023-12-04,"Rio de Janeiro",0.104831045351294
"236",2023-12-04,"São Paulo",0.0173241370349404
"237",2023-12-04,"Curitiba",0.00174661361050629
"238",2023-12-04,"Recife",0.0917799478816861
"239",2023-12-05,"Belo Horizonte",0.220525488434763
"240",2023-12-05,"Manaus",0.0670406248228294
"241",2023-12-05,"Fortaleza",0.134713189070073
"242",2023-12-05,"Rio de Janeiro",0.10484199327572
"243",2023-12-05,"São Paulo",0.0173260580969314
"244",2023-12-05,"Curitiba",0.00174661361050629
"245",2023-12-05,"Recife",0.0917799478816861
"246",2023-12-06,"Belo Horizonte",0.220532830071343
"247",2023-12-06,"Manaus",0.0670420785302437
"248",2023-12-06,"Fortaleza",0.134714424294728
"249",2023-12-06,"Rio de Janeiro",0.104855517182365
"250",2023-12-06,"São Paulo",0.0173292016529167
"251",2023-12-06,"Curitiba",0.00174661361050629
"252",2023-12-06,"Recife",0.0917839776482283
"253",2023-12-07,"Belo Horizonte",0.220542762873776
"254",2023-12-07,"Manaus",0.0670430476685198
"255",2023-12-07,"Fortaleza",0.134716071260934
"256",2023-12-07,"Rio de Janeiro",0.104869846083452
"257",2023-12-07,"São Paulo",0.0173307734309093
"258",2023-12-07,"Curitiba",0.00174661361050629
"259",2023-12-07,"Recife",0.0917853209037423
"260",2023-12-08,"Belo Horizonte",0.220551400093282
"261",2023-12-08,"Manaus",0.067044016806796
"262",2023-12-08,"Fortaleza",0.134716483002485
"263",2023-12-08,"Rio de Janeiro",0.104884979978983
"264",2023-12-08,"São Paulo",0.0173332184188979
"265",2023-12-08,"Curitiba",0.00174661361050629
"266",2023-12-08,"Recife",0.0917859925314993
"267",2023-12-09,"Belo Horizonte",0.220560901034739
"268",2023-12-09,"Manaus",0.0670474087907626
"269",2023-12-09,"Fortaleza",0.134717306485588
"270",2023-12-09,"Rio de Janeiro",0.104903172853398
"271",2023-12-09,"São Paulo",0.0173354887648872
"272",2023-12-09,"Curitiba",0.00174774118546466
"273",2023-12-09,"Recife",0.0917880074147704
"274",2023-12-10,"Belo Horizonte",0.220572993142048
"275",2023-12-10,"Manaus",0.0670493470673149
"276",2023-12-10,"Fortaleza",0.134718129968691
"277",2023-12-10,"Rio de Janeiro",0.104925068702251
"278",2023-12-10,"São Paulo",0.017338108394875
"279",2023-12-10,"Curitiba",0.00174774118546466
"280",2023-12-10,"Recife",0.0917913655535556
"281",2023-12-11,"Belo Horizonte",0.220586812693258
"282",2023-12-11,"Manaus",0.0670541927586957
"283",2023-12-11,"Fortaleza",0.134718541710243
"284",2023-12-11,"Rio de Janeiro",0.104943261576665
"285",2023-12-11,"São Paulo",0.0173417758768578
"286",2023-12-11,"Curitiba",0.00174774118546466
"287",2023-12-11,"Recife",0.0917927088090697
"288",2023-12-12,"Belo Horizonte",0.220597177356665
"289",2023-12-12,"Manaus",0.0670580693118004
"290",2023-12-12,"Fortaleza",0.134719365193346
"291",2023-12-12,"Rio de Janeiro",0.104959522464416
"292",2023-12-12,"São Paulo",0.017345792642839
"293",2023-12-12,"Curitiba",0.00174830497294384
"294",2023-12-12,"Recife",0.0917927088090697
"295",2023-12-13,"Belo Horizonte",0.220608837602999
"296",2023-12-13,"Manaus",0.0670604921574908
"297",2023-12-13,"Fortaleza",0.134719365193346
"298",2023-12-13,"Rio de Janeiro",0.104974978357724
"299",2023-12-13,"São Paulo",0.0173491108408235
"300",2023-12-13,"Curitiba",0.00174830497294384
"301",2023-12-13,"Recife",0.0917967385756119
"302",2023-12-14,"Belo Horizonte",0.220620497849332
"303",2023-12-14,"Manaus",0.0670638841414574
"304",2023-12-14,"Fortaleza",0.134719776934897
"305",2023-12-14,"Rio de Janeiro",0.104990434251032
"306",2023-12-14,"São Paulo",0.0173509445818149
"307",2023-12-14,"Curitiba",0.00174830497294384
"308",2023-12-14,"Recife",0.0917987534588829
"309",2023-12-15,"Belo Horizonte",0.220633021817616
"310",2023-12-15,"Manaus",0.0670667915562859
"311",2023-12-15,"Fortaleza",0.134720188676449
"312",2023-12-15,"Rio de Janeiro",0.105006212142118
"313",2023-12-15,"São Paulo",0.017353913495801
"314",2023-12-15,"Curitiba",0.00174830497294384
"315",2023-12-15,"Recife",0.091800096714397
"316",2023-12-16,"Belo Horizonte",0.220644250202975
"317",2023-12-16,"Manaus",0.0670730909550809
"318",2023-12-16,"Fortaleza",0.134721835642654
"319",2023-12-16,"Rio de Janeiro",0.105022473029869
"320",2023-12-16,"São Paulo",0.0173553979527941
"321",2023-12-16,"Curitiba",0.00174886876042302
"322",2023-12-16,"Recife",0.091800768342154
"323",2023-12-17,"Belo Horizonte",0.220656774171259
"324",2023-12-17,"Manaus",0.0670769675081856
"325",2023-12-17,"Fortaleza",0.134722659125757
"326",2023-12-17,"Rio de Janeiro",0.105038572918731
"327",2023-12-17,"São Paulo",0.0173594147187753
"328",2023-12-17,"Curitiba",0.0017494325479022
"329",2023-12-17,"Recife",0.0918041264809392
"330",2023-12-18,"Belo Horizonte",0.220676207915148
"331",2023-12-18,"Manaus",0.0670837514761187
"332",2023-12-18,"Fortaleza",0.134723070867309
"333",2023-12-18,"Rio de Janeiro",0.105055799799814
"334",2023-12-18,"São Paulo",0.0173629948797585
"335",2023-12-18,"Curitiba",0.00175112391033975
"336",2023-12-18,"Recife",0.0918061413642103
"337",2023-12-19,"Belo Horizonte",0.220696073520012
"338",2023-12-19,"Manaus",0.0670919891514661
"339",2023-12-19,"Fortaleza",0.13472348260886
"340",2023-12-19,"Rio de Janeiro",0.105071255693122
"341",2023-12-19,"São Paulo",0.0173665750407418
"342",2023-12-19,"Curitiba",0.00175168769781893
"343",2023-12-19,"Recife",0.0918081562474814
"344",2023-12-20,"Belo Horizonte",0.220714643541951
"345",2023-12-20,"Manaus",0.0671011959650897
"346",2023-12-20,"Fortaleza",0.134723894350412
"347",2023-12-20,"Rio de Janeiro",0.105087355581984
"348",2023-12-20,"São Paulo",0.0173706791277226
"349",2023-12-20,"Curitiba",0.00175168769781893
"350",2023-12-20,"Recife",0.0918135292695376
"351",2023-12-21,"Belo Horizonte",0.220732349841939
"352",2023-12-21,"Manaus",0.0671074953638848
"353",2023-12-21,"Fortaleza",0.134723894350412
"354",2023-12-21,"Rio de Janeiro",0.105100557490852
"355",2023-12-21,"São Paulo",0.0173743466097054
"356",2023-12-21,"Curitiba",0.00175168769781893
"357",2023-12-21,"Recife",0.0918142008972947
"358",2023-12-22,"Belo Horizonte",0.220750919863877
"359",2023-12-22,"Manaus",0.0671181558849226
"360",2023-12-22,"Fortaleza",0.134724717833515
"361",2023-12-22,"Rio de Janeiro",0.105112632407498
"362",2023-12-22,"São Paulo",0.0173772282026919
"363",2023-12-22,"Curitiba",0.0017528152727773
"364",2023-12-22,"Recife",0.0918148725250517
"365",2023-12-23,"Belo Horizonte",0.220772081051668
"366",2023-12-23,"Manaus",0.0671249398528557
"367",2023-12-23,"Fortaleza",0.134725129575066
"368",2023-12-23,"Rio de Janeiro",0.105128571297472
"369",2023-12-23,"São Paulo",0.0173809830056744
"370",2023-12-23,"Curitiba",0.00175394284773566
"371",2023-12-23,"Recife",0.0918148725250517
"372",2023-12-24,"Belo Horizonte",0.220795401544335
"373",2023-12-24,"Manaus",0.0671331775282031
"374",2023-12-24,"Fortaleza",0.134725129575066
"375",2023-12-24,"Rio de Janeiro",0.105145154183001
"376",2023-12-24,"São Paulo",0.0173843012036589
"377",2023-12-24,"Curitiba",0.00175394284773566
"378",2023-12-24,"Recife",0.0918148725250517
"379",2023-12-25,"Belo Horizonte",0.220811380400422
"380",2023-12-25,"Manaus",0.0671414152035505
"381",2023-12-25,"Fortaleza",0.134725129575066
"382",2023-12-25,"Rio de Janeiro",0.105161737068529
"383",2023-12-25,"São Paulo",0.0173879686856417
"384",2023-12-25,"Curitiba",0.00175450663521484
"385",2023-12-25,"Recife",0.0918182306638369
"386",2023-12-26,"Belo Horizonte",0.220841610668694
"387",2023-12-26,"Manaus",0.0671481991714837
"388",2023-12-26,"Fortaleza",0.134726364799721
"389",2023-12-26,"Rio de Janeiro",0.105177675958503
"390",2023-12-26,"São Paulo",0.0173920727726225
"391",2023-12-26,"Curitiba",0.00175788936008994
"392",2023-12-26,"Recife",0.091820245547108
"393",2023-12-27,"Belo Horizonte",0.220864499300385
"394",2023-12-27,"Manaus",0.0671511065863122
"395",2023-12-27,"Fortaleza",0.134727188282824
"396",2023-12-27,"Rio de Janeiro",0.105190233871816
"397",2023-12-27,"São Paulo",0.0173947797236098
"398",2023-12-27,"Curitiba",0.00175788936008994
"399",2023-12-27,"Recife",0.091820245547108
"400",2023-12-28,"Belo Horizonte",0.220881773739398
"401",2023-12-28,"Manaus",0.0671578905542453
"402",2023-12-28,"Fortaleza",0.134727188282824
"403",2023-12-28,"Rio de Janeiro",0.105196190830695
"404",2023-12-28,"São Paulo",0.0173955656126061
"405",2023-12-28,"Curitiba",0.00175845314756912
"406",2023-12-28,"Recife",0.0918222604303791
"407",2023-12-29,"Belo Horizonte",0.220888251654028
"408",2023-12-29,"Manaus",0.0671632208147642
"409",2023-12-29,"Fortaleza",0.134729246990581
"410",2023-12-29,"Rio de Janeiro",0.105198444815135
"411",2023-12-29,"São Paulo",0.0173963515016025
"412",2023-12-29,"Curitiba",0.00175845314756912
"413",2023-12-29,"Recife",0.0918222604303791
"414",2023-12-30,"Belo Horizonte",0.220893865846707
"415",2023-12-30,"Manaus",0.0671637053839023
"416",2023-12-30,"Fortaleza",0.134729246990581
"417",2023-12-30,"Rio de Janeiro",0.105199732806244
"418",2023-12-30,"São Paulo",0.0173965261436017
"419",2023-12-30,"Curitiba",0.00175845314756912
"420",2023-12-30,"Recife",0.0918222604303791
"421",2023-12-31,"Belo Horizonte",0.220944393580818
"422",2023-12-31,"Manaus",0.0671811498728733
"423",2023-12-31,"Fortaleza",0.134729658732132
"424",2023-12-31,"Rio de Janeiro",0.10522484863287
"425",2023-12-31,"São Paulo",0.0174056075275592
"426",2023-12-31,"Curitiba",0.00176239965992339
"427",2023-12-31,"Recife",0.0918222604303791
"428",2024-01-01,"Belo Horizonte",0.221031197636857
"429",2024-01-01,"Manaus",0.0672126468668486
"430",2024-01-01,"Fortaleza",0.134730893956787
"431",2024-01-01,"Rio de Janeiro",0.105265903349469
"432",2024-01-01,"São Paulo",0.0174183563934995
"433",2024-01-01,"Curitiba",0.00176972889715276
"434",2024-01-01,"Recife",0.0918222604303791
"435",2024-01-02,"Belo Horizonte",0.221125343329475
"436",2024-01-02,"Manaus",0.0672397827385812
"437",2024-01-02,"Fortaleza",0.134730893956787
"438",2024-01-02,"Rio de Janeiro",0.105301323104967
"439",2024-01-02,"São Paulo",0.0174304066914431
"440",2024-01-02,"Curitiba",0.0017748029844654
"441",2024-01-02,"Recife",0.0918229320581361
"442",2024-01-03,"Belo Horizonte",0.221203510166007
"443",2024-01-03,"Manaus",0.0672644957646234
"444",2024-01-03,"Fortaleza",0.134731305698338
"445",2024-01-03,"Rio de Janeiro",0.10533014190603
"446",2024-01-03,"São Paulo",0.0174422823473876
"447",2024-01-03,"Curitiba",0.00178044085925722
"448",2024-01-03,"Recife",0.0918229320581361
"449",2024-01-04,"Belo Horizonte",0.22128901863912
"450",2024-01-04,"Manaus",0.0672829093918706
"451",2024-01-04,"Fortaleza",0.134731305698338
"452",2024-01-04,"Rio de Janeiro",0.105355418731544
"453",2024-01-04,"São Paulo",0.0174548565713287
"454",2024-01-04,"Curitiba",0.00178833388396577
"455",2024-01-04,"Recife",0.0918229320581361
"456",2024-01-05,"Belo Horizonte",0.221407780407331
"457",2024-01-05,"Manaus",0.0673076224179128
"458",2024-01-05,"Fortaleza",0.134731305698338
"459",2024-01-05,"Rio de Janeiro",0.105387618509269
"460",2024-01-05,"São Paulo",0.0174675181162695
"461",2024-01-05,"Curitiba",0.00179453554623678
"462",2024-01-05,"Recife",0.0918236036858931
"463",2024-01-06,"Belo Horizonte",0.221501062377999
"464",2024-01-06,"Manaus",0.0673221594920553
"465",2024-01-06,"Fortaleza",0.134732129181441
"466",2024-01-06,"Rio de Janeiro",0.105418852293663
"467",2024-01-06,"São Paulo",0.0174799176982115
"468",2024-01-06,"Curitiba",0.00180186478346614
"469",2024-01-06,"Recife",0.0918242753136502
"470",2024-01-07,"Belo Horizonte",0.221617664841334
"471",2024-01-07,"Manaus",0.0673396039810262
"472",2024-01-07,"Fortaleza",0.134732129181441
"473",2024-01-07,"Rio de Janeiro",0.105452662060274
"474",2024-01-07,"São Paulo",0.0174943256631441
"475",2024-01-07,"Curitiba",0.00180863023321633
"476",2024-01-07,"Recife",0.0918242753136502
"477",2024-01-08,"Belo Horizonte",0.221727357529064
"478",2024-01-08,"Manaus",0.0673609250231018
"479",2024-01-08,"Fortaleza",0.134733364406096
"480",2024-01-08,"Rio de Janeiro",0.105487759817994
"481",2024-01-08,"São Paulo",0.017509082912075
"482",2024-01-08,"Curitiba",0.00182159734523752
"483",2024-01-08,"Recife",0.0918249469414072
"484",2024-01-09,"Belo Horizonte",0.221838777660695
"485",2024-01-09,"Manaus",0.0673812769269013
"486",2024-01-09,"Fortaleza",0.134733776147647
"487",2024-01-09,"Rio de Janeiro",0.105525594556821
"488",2024-01-09,"São Paulo",0.0175251499759998
"489",2024-01-09,"Curitiba",0.00182498007011261
"490",2024-01-09,"Recife",0.0918249469414072
"491",2024-01-10,"Belo Horizonte",0.221967904092315
"492",2024-01-10,"Manaus",0.0674040516763912
"493",2024-01-10,"Fortaleza",0.134735423113853
"494",2024-01-10,"Rio de Janeiro",0.105560370316764
"495",2024-01-10,"São Paulo",0.0175421775709202
"496",2024-01-10,"Curitiba",0.00182949036994607
"497",2024-01-10,"Recife",0.0918269618246783
"498",2024-01-11,"Belo Horizonte",0.222103508438563
"499",2024-01-11,"Manaus",0.0674195578888098
"500",2024-01-11,"Fortaleza",0.134735423113853
"501",2024-01-11,"Rio de Janeiro",0.105590638107825
"502",2024-01-11,"São Paulo",0.0175568474988515
"503",2024-01-11,"Curitiba",0.00183512824473789
"504",2024-01-11,"Recife",0.0918276334524353
"505",2024-01-12,"Belo Horizonte",0.22224947744822
"506",2024-01-12,"Manaus",0.0674350641012284
"507",2024-01-12,"Fortaleza",0.134736658338508
"508",2024-01-12,"Rio de Janeiro",0.1056263798611
"509",2024-01-12,"São Paulo",0.0175730892047755
"510",2024-01-12,"Curitiba",0.00183963854457135
"511",2024-01-12,"Recife",0.0918276334524353
"512",2024-01-13,"Belo Horizonte",0.222392855292024
"513",2024-01-13,"Manaus",0.0674491166062328
"514",2024-01-13,"Fortaleza",0.13473748182161
"515",2024-01-13,"Rio de Janeiro",0.105667756575476
"516",2024-01-13,"São Paulo",0.0175901167996958
"517",2024-01-13,"Curitiba",0.0018475315692799
"518",2024-01-13,"Recife",0.0918276334524353
"519",2024-01-14,"Belo Horizonte",0.222577691789459
"520",2024-01-14,"Manaus",0.0674694685100323
"521",2024-01-14,"Fortaleza",0.134738717046265
"522",2024-01-14,"Rio de Janeiro",0.105710582279851
"523",2024-01-14,"São Paulo",0.0176096767036043
"524",2024-01-14,"Curitiba",0.00185598838146763
"525",2024-01-14,"Recife",0.0918296483357064
"526",2024-01-15,"Belo Horizonte",0.22277764342103
"527",2024-01-15,"Manaus",0.0674932123977983
"528",2024-01-15,"Fortaleza",0.134739540529368
"529",2024-01-15,"Rio de Janeiro",0.105757593955329
"530",2024-01-15,"São Paulo",0.017633689978492
"531",2024-01-15,"Curitiba",0.00186444519365536
"532",2024-01-15,"Recife",0.0918316632189775
"533",2024-01-16,"Belo Horizonte",0.222963343640415
"534",2024-01-16,"Manaus",0.0675121105941835
"535",2024-01-16,"Fortaleza",0.134740364012471
"536",2024-01-16,"Rio de Janeiro",0.105807986607468
"537",2024-01-16,"São Paulo",0.0176556075493894
"538",2024-01-16,"Curitiba",0.00186895549348882
"539",2024-01-16,"Recife",0.0918343497300056
"540",2024-01-17,"Belo Horizonte",0.223141270362245
"541",2024-01-17,"Manaus",0.0675363390510876
"542",2024-01-17,"Fortaleza",0.134741599237125
"543",2024-01-17,"Rio de Janeiro",0.105850973310731
"544",2024-01-17,"São Paulo",0.0176741196013028
"545",2024-01-17,"Curitiba",0.00187402958080146
"546",2024-01-17,"Recife",0.0918363646132767
"547",2024-01-18,"Belo Horizonte",0.223350722935273
"548",2024-01-18,"Manaus",0.0675600829388537
"549",2024-01-18,"Fortaleza",0.134742010978677
"550",2024-01-18,"Rio de Janeiro",0.105896696995101
"551",2024-01-18,"São Paulo",0.0176941161102092
"552",2024-01-18,"Curitiba",0.00187966745559328
"553",2024-01-18,"Recife",0.0918377078687908
"554",2024-01-19,"Belo Horizonte",0.223568812727807
"555",2024-01-19,"Manaus",0.0675780119969627
"556",2024-01-19,"Fortaleza",0.134744069686434
"557",2024-01-19,"Rio de Janeiro",0.105944674663911
"558",2024-01-19,"São Paulo",0.0177192645580916
"559",2024-01-19,"Curitiba",0.00188643290534347
"560",2024-01-19,"Recife",0.0918390511243049
"561",2024-01-20,"Belo Horizonte",0.223860318886144
"562",2024-01-20,"Manaus",0.0675983639007622
"563",2024-01-20,"Fortaleza",0.134744481427986
"564",2024-01-20,"Rio de Janeiro",0.1059986092916
"565",2024-01-20,"São Paulo",0.0177533197479322
"566",2024-01-20,"Curitiba",0.00189263456761447
"567",2024-01-20,"Recife",0.0918397227520619
"568",2024-01-21,"Belo Horizonte",0.224147074573753
"569",2024-01-21,"Manaus",0.0676095089909381
"570",2024-01-21,"Fortaleza",0.134744893169537
"571",2024-01-21,"Rio de Janeiro",0.106063169845939
"572",2024-01-21,"São Paulo",0.0177825722827953
"573",2024-01-21,"Curitiba",0.00190221895476057
"574",2024-01-21,"Recife",0.0918397227520619
"575",2024-01-22,"Belo Horizonte",0.224483062412548
"576",2024-01-22,"Manaus",0.0676225923576663
"577",2024-01-22,"Fortaleza",0.134746128394191
"578",2024-01-22,"Rio de Janeiro",0.106128052398054
"579",2024-01-22,"São Paulo",0.0178190724606246
"580",2024-01-22,"Curitiba",0.0019072930420732
"581",2024-01-22,"Recife",0.09184240926309
"582",2024-01-23,"Belo Horizonte",0.224848416797664
"583",2024-01-23,"Manaus",0.0676366448626707
"584",2024-01-23,"Fortaleza",0.1347485988435
"585",2024-01-23,"Rio de Janeiro",0.106199535904604
"586",2024-01-23,"São Paulo",0.0178501587364791
"587",2024-01-23,"Curitiba",0.00191462227930257
"588",2024-01-23,"Recife",0.0918430808908471
"589",2024-01-24,"Belo Horizonte",0.225204702102299
"590",2024-01-24,"Manaus",0.0676453671071562
"591",2024-01-24,"Fortaleza",0.134750245809706
"592",2024-01-24,"Rio de Janeiro",0.106262969466722
"593",2024-01-24,"São Paulo",0.0178868335563075
"594",2024-01-24,"Curitiba",0.00192026015409439
"595",2024-01-24,"Recife",0.0918437525186041
"596",2024-01-25,"Belo Horizonte",0.225655133099553
"597",2024-01-25,"Manaus",0.0676531202133655
"598",2024-01-25,"Fortaleza",0.134753539742118
"599",2024-01-25,"Rio de Janeiro",0.106326886025506
"600",2024-01-25,"São Paulo",0.0179228098081392
"601",2024-01-25,"Curitiba",0.00192589802888622
"602",2024-01-25,"Recife",0.0918444241463611
"603",2024-01-26,"Belo Horizonte",0.226071015218781
"604",2024-01-26,"Manaus",0.067661842457851
"605",2024-01-26,"Fortaleza",0.13475683367453
"606",2024-01-26,"Rio de Janeiro",0.106392251574287
"607",2024-01-26,"São Paulo",0.0179664703079349
"608",2024-01-26,"Curitiba",0.00193322726611558
"609",2024-01-26,"Recife",0.0918457674018752
"610",2024-01-27,"Belo Horizonte",0.226490784086787
"611",2024-01-27,"Manaus",0.0676715338406126
"612",2024-01-27,"Fortaleza",0.134759304123839
"613",2024-01-27,"Rio de Janeiro",0.106473234015266
"614",2024-01-27,"São Paulo",0.0180040183377592
"615",2024-01-27,"Curitiba",0.00194619437813677
"616",2024-01-27,"Recife",0.0918484539129033
"617",2024-01-28,"Belo Horizonte",0.226962808132806
"618",2024-01-28,"Manaus",0.0676841326382027
"619",2024-01-28,"Fortaleza",0.134761362831596
"620",2024-01-28,"Rio de Janeiro",0.106555343448464
"621",2024-01-28,"São Paulo",0.0180437493925733
"622",2024-01-28,"Curitiba",0.00195295982788696
"623",2024-01-28,"Recife",0.0918491255406603
"624",2024-01-29,"Belo Horizonte",0.227520772512913
"625",2024-01-29,"Manaus",0.0676933394518263
"626",2024-01-29,"Fortaleza",0.134765480247111
"627",2024-01-29,"Rio de Janeiro",0.106650010794975
"628",2024-01-29,"São Paulo",0.0180886323863633
"629",2024-01-29,"Curitiba",0.00195859770267878
"630",2024-01-29,"Recife",0.0918497971684174
"631",2024-01-30,"Belo Horizonte",0.228034687073537
"632",2024-01-30,"Manaus",0.0677020616963118
"633",2024-01-30,"Fortaleza",0.134767538954868
"634",2024-01-30,"Rio de Janeiro",0.106744839140375
"635",2024-01-30,"São Paulo",0.0181236481071994
"636",2024-01-30,"Curitiba",0.0019642355774706
"637",2024-01-30,"Recife",0.0918504687961744
"638",2024-01-31,"Belo Horizonte",0.228569330960977
"639",2024-01-31,"Manaus",0.0677073919568307
"640",2024-01-31,"Fortaleza",0.134771244628831
"641",2024-01-31,"Rio de Janeiro",0.106846268440209
"642",2024-01-31,"São Paulo",0.0181653875450042
"643",2024-01-31,"Curitiba",0.0019704372397416
"644",2024-01-31,"Recife",0.0918544985627166
"645",2024-02-01,"Belo Horizonte",0.229286652040975
"646",2024-02-01,"Manaus",0.0677199907544208
"647",2024-02-01,"Fortaleza",0.134774538561243
"648",2024-02-01,"Rio de Janeiro",0.106962831635573
"649",2024-02-01,"São Paulo",0.0182222335157382
"650",2024-02-01,"Curitiba",0.00197889405192934
"651",2024-02-01,"Recife",0.0918571850737447
"652",2024-02-02,"Belo Horizonte",0.230004404981948
"653",2024-02-02,"Manaus",0.067726774722354
"654",2024-02-02,"Fortaleza",0.134776597269001
"655",2024-02-02,"Rio de Janeiro",0.107100968682013
"656",2024-02-02,"São Paulo",0.0182807385854644
"657",2024-02-02,"Curitiba",0.00198735086411707
"658",2024-02-02,"Recife",0.0918598715847729
"659",2024-02-03,"Belo Horizonte",0.230702724179032
"660",2024-02-03,"Manaus",0.0677364661051156
"661",2024-02-03,"Fortaleza",0.134780714684515
"662",2024-02-03,"Rio de Janeiro",0.107251019646211
"663",2024-02-03,"São Paulo",0.0183470152241543
"664",2024-02-03,"Curitiba",0.00199749903874235
"665",2024-02-03,"Recife",0.091861886468044
"666",2024-02-04,"Belo Horizonte",0.231544853080896
"667",2024-02-04,"Manaus",0.0677451883496011
"668",2024-02-04,"Fortaleza",0.134783185133824
"669",2024-02-04,"Rio de Janeiro",0.107435363373687
"670",2024-02-04,"São Paulo",0.0184207141478095
"671",2024-02-04,"Curitiba",0.00200821100084681
"672",2024-02-04,"Recife",0.0918665878623432
"673",2024-02-05,"Belo Horizonte",0.232491060477811
"674",2024-02-05,"Manaus",0.0677558488706389
"675",2024-02-05,"Fortaleza",0.13478483210003
"676",2024-02-05,"Rio de Janeiro",0.107651423882221
"677",2024-02-05,"São Paulo",0.0185050662334148
"678",2024-02-05,"Curitiba",0.00201779538799291
"679",2024-02-05,"Recife",0.0918686027456143
"680",2024-02-06,"Belo Horizonte",0.233296481196773
"681",2024-02-06,"Manaus",0.0677669939608148
"682",2024-02-06,"Fortaleza",0.134786890807788
"683",2024-02-06,"Rio de Janeiro",0.107856858464106
"684",2024-02-06,"São Paulo",0.0185780665890732
"685",2024-02-06,"Curitiba",0.00203245386245164
"686",2024-02-06,"Recife",0.0918733041399135
"687",2024-02-07,"Belo Horizonte",0.234068216759661
"688",2024-02-07,"Manaus",0.0677742624978861
"689",2024-02-07,"Fortaleza",0.134790184740199
"690",2024-02-07,"Rio de Janeiro",0.108030093268266
"691",2024-02-07,"São Paulo",0.0186504556977345
"692",2024-02-07,"Curitiba",0.00204034688716019
"693",2024-02-07,"Recife",0.0918753190231846
"694",2024-02-08,"Belo Horizonte",0.234841247905474
"695",2024-02-08,"Manaus",0.0677873458646143
"696",2024-02-08,"Fortaleza",0.134791419964854
"697",2024-02-08,"Rio de Janeiro",0.108168713311372
"698",2024-02-08,"São Paulo",0.0187238926583909
"699",2024-02-08,"Curitiba",0.00204711233691038
"700",2024-02-08,"Recife",0.0918759906509416
"701",2024-02-09,"Belo Horizonte",0.235574115980584
"702",2024-02-09,"Manaus",0.0677936452634094
"703",2024-02-09,"Fortaleza",0.134793890414163
"704",2024-02-09,"Rio de Janeiro",0.108295097438942
"705",2024-02-09,"São Paulo",0.0188034420890187
"706",2024-02-09,"Curitiba",0.00205613293657729
"707",2024-02-09,"Recife",0.0918786771619697
"708",2024-02-10,"Belo Horizonte",0.236326849660557
"709",2024-02-10,"Manaus",0.0678018829387568
"710",2024-02-10,"Fortaleza",0.134796360863471
"711",2024-02-10,"Rio de Janeiro",0.108434200478714
"712",2024-02-10,"São Paulo",0.018894430570593
"713",2024-02-10,"Curitiba",0.00206797247364012
"714",2024-02-10,"Recife",0.0918806920452408
"715",2024-02-11,"Belo Horizonte",0.236986301369863
"716",2024-02-11,"Manaus",0.067809151475828
"717",2024-02-11,"Fortaleza",0.134798007829677
"718",2024-02-11,"Rio de Janeiro",0.108572015527377
"719",2024-02-11,"São Paulo",0.0189809656811881
"720",2024-02-11,"Curitiba",0.00207924822322376
"721",2024-02-11,"Recife",0.091883378556269
"722",2024-02-12,"Belo Horizonte",0.237773583927862
"723",2024-02-12,"Manaus",0.067814966305485
"724",2024-02-12,"Fortaleza",0.134799243054332
"725",2024-02-12,"Rio de Janeiro",0.10877181514816
"726",2024-02-12,"São Paulo",0.0190833058927092
"727",2024-02-12,"Curitiba",0.00209447048516168
"728",2024-02-12,"Recife",0.0918867366950541
"729",2024-02-13,"Belo Horizonte",0.238615712829726
"730",2024-02-13,"Manaus",0.0678212657042801
"731",2024-02-13,"Fortaleza",0.134802125245192
"732",2024-02-13,"Rio de Janeiro",0.109012508486654
"733",2024-02-13,"São Paulo",0.0191902741172087
"734",2024-02-13,"Curitiba",0.00211138410953714
"735",2024-02-13,"Recife",0.0918947962281385
"736",2024-02-14,"Belo Horizonte",0.239618925875382
"737",2024-02-14,"Manaus",0.0678280496722132
"738",2024-02-14,"Fortaleza",0.134803772211398
"739",2024-02-14,"Rio de Janeiro",0.109307780448392
"740",2024-02-14,"São Paulo",0.0193025689226833
"741",2024-02-14,"Curitiba",0.0021378821210587
"742",2024-02-14,"Recife",0.0919015125057088
"743",2024-02-15,"Belo Horizonte",0.240622570782014
"744",2024-02-15,"Manaus",0.0678372564858368
"745",2024-02-15,"Fortaleza",0.134805007436052
"746",2024-02-15,"Rio de Janeiro",0.10960884837012
"747",2024-02-15,"São Paulo",0.0194217620871256
"748",2024-02-15,"Curitiba",0.00217227315728881
"749",2024-02-15,"Recife",0.0919109152943073
"750",2024-02-16,"Belo Horizonte",0.241623192661818
"751",2024-02-16,"Manaus",0.0678464632994603
"752",2024-02-16,"Fortaleza",0.134807477885361
"753",2024-02-16,"Rio de Janeiro",0.109916839244059
"754",2024-02-16,"São Paulo",0.01955972926648
"755",2024-02-16,"Curitiba",0.0022168123681442
"756",2024-02-16,"Recife",0.0919203180829057
"757",2024-02-17,"Belo Horizonte",0.242662250168426
"758",2024-02-17,"Manaus",0.0678522781291173
"759",2024-02-17,"Fortaleza",0.13480994833467
"760",2024-02-17,"Rio de Janeiro",0.110225474113552
"761",2024-02-17,"São Paulo",0.0197011892858181
"762",2024-02-17,"Curitiba",0.00225458612924941
"763",2024-02-17,"Recife",0.0919283776159901
"764",2024-02-18,"Belo Horizonte",0.243871029038332
"765",2024-02-18,"Manaus",0.0678624540810171
"766",2024-02-18,"Fortaleza",0.134814889233288
"767",2024-02-18,"Rio de Janeiro",0.110585306629628
"768",2024-02-18,"São Paulo",0.0198639556290566
"769",2024-02-18,"Curitiba",0.00229405125279216
"770",2024-02-18,"Recife",0.0919377804045886
"771",2024-02-19,"Belo Horizonte",0.245259030212994
"772",2024-02-19,"Manaus",0.0678706917563645
"773",2024-02-19,"Fortaleza",0.134819006648803
"774",2024-02-19,"Rio de Janeiro",0.110999234772282
"775",2024-02-19,"São Paulo",0.02004060601123
"776",2024-02-19,"Curitiba",0.00232449577666799
"777",2024-02-19,"Recife",0.0919491980764581
"778",2024-02-20,"Belo Horizonte",0.246538634282852
"779",2024-02-20,"Manaus",0.0678765065860214
"780",2024-02-20,"Fortaleza",0.134824771030523
"781",2024-02-20,"Rio de Janeiro",0.111340552416167
"782",2024-02-20,"São Paulo",0.020197696489495
"783",2024-02-20,"Curitiba",0.00236057817533565
"784",2024-02-20,"Recife",0.0919552427262714
"785",2024-02-21,"Belo Horizonte",0.247717182884486
"786",2024-02-21,"Manaus",0.0678847442613688
"787",2024-02-21,"Fortaleza",0.134827653221384
"788",2024-02-21,"Rio de Janeiro",0.111642908329004
"789",2024-02-21,"São Paulo",0.0203269315688903
"790",2024-02-21,"Curitiba",0.00238989512425312
"791",2024-02-21,"Recife",0.0919639738871128
"792",2024-02-22,"Belo Horizonte",0.248947986664133
"793",2024-02-22,"Manaus",0.0678895899527497
"794",2024-02-22,"Fortaleza",0.134830947153795
"795",2024-02-22,"Rio de Janeiro",0.111899862555249
"796",2024-02-22,"São Paulo",0.0204712731812149
"797",2024-02-22,"Curitiba",0.00241639313577468
"798",2024-02-22,"Recife",0.0919700185369261
"799",2024-02-23,"Belo Horizonte",0.250228886316917
"800",2024-02-23,"Manaus",0.0678949202132686
"801",2024-02-23,"Fortaleza",0.134834652827759
"802",2024-02-23,"Rio de Janeiro",0.112194651520321
"803",2024-02-23,"São Paulo",0.0206271411654856
"804",2024-02-23,"Curitiba",0.00244289114729624
"805",2024-02-23,"Recife",0.0919780780700105
"806",2024-02-24,"Belo Horizonte",0.251497693862392
"807",2024-02-24,"Manaus",0.0679026733194779
"808",2024-02-24,"Fortaleza",0.134837123277067
"809",2024-02-24,"Rio de Janeiro",0.112461104680994
"810",2024-02-24,"São Paulo",0.0207806514827673
"811",2024-02-24,"Curitiba",0.00245924098419253
"812",2024-02-24,"Recife",0.091988152486366
"813",2024-02-25,"Belo Horizonte",0.252822643334658
"814",2024-02-25,"Manaus",0.0679104264256872
"815",2024-02-25,"Fortaleza",0.134840005467928
"816",2024-02-25,"Rio de Janeiro",0.112779721481583
"817",2024-02-25,"São Paulo",0.0209525865309628
"818",2024-02-25,"Curitiba",0.00247333567117208
"819",2024-02-25,"Recife",0.0919988985304785
"820",2024-02-26,"Belo Horizonte",0.254275423655617
"821",2024-02-26,"Manaus",0.067921086946725
"822",2024-02-26,"Fortaleza",0.1348461815912
"823",2024-02-26,"Rio de Janeiro",0.113132631045448
"824",2024-02-26,"São Paulo",0.0211405886430832
"825",2024-02-26,"Curitiba",0.00249757853277691
"826",2024-02-26,"Recife",0.092009644574591
"827",2024-02-27,"Belo Horizonte",0.255494135327955
"828",2024-02-27,"Manaus",0.0679278709146582
"829",2024-02-27,"Fortaleza",0.134854004680678
"830",2024-02-27,"Rio de Janeiro",0.113420497058309
"831",2024-02-27,"São Paulo",0.0213133969012746
"832",2024-02-27,"Curitiba",0.0025201300319442
"833",2024-02-27,"Recife",0.0920237487574886
"834",2024-02-28,"Belo Horizonte",0.256710687695417
"835",2024-02-28,"Manaus",0.0679365931591436
"836",2024-02-28,"Fortaleza",0.13486018080395
"837",2024-02-28,"Rio de Janeiro",0.113692263182307
"838",2024-02-28,"São Paulo",0.0215011370503962
"839",2024-02-28,"Curitiba",0.00254042638119476
"840",2024-02-28,"Recife",0.0920358380571152
"841",2024-02-29,"Belo Horizonte",0.257893123045829
"842",2024-02-29,"Manaus",0.0679453154036291
"843",2024-02-29,"Fortaleza",0.134864709961016
"844",2024-02-29,"Rio de Janeiro",0.1139202376086
"845",2024-02-29,"São Paulo",0.0216823281245484
"846",2024-02-29,"Curitiba",0.00256579681775795
"847",2024-02-29,"Recife",0.0920580017730973
"848",2024-03-01,"Belo Horizonte",0.259292352605849
"849",2024-03-01,"Manaus",0.0679569450629431
"850",2024-03-01,"Fortaleza",0.134872121308943
"851",2024-03-01,"Rio de Janeiro",0.114212611590342
"852",2024-03-01,"São Paulo",0.0219290099483942
"853",2024-03-01,"Curitiba",0.00260187921642561
"854",2024-03-01,"Recife",0.0920835236278645
"855",2024-03-02,"Belo Horizonte",0.26058923111472
"856",2024-03-02,"Manaus",0.0679637290308763
"857",2024-03-02,"Fortaleza",0.134877885690664
"858",2024-03-02,"Rio de Janeiro",0.114466345838815
"859",2024-03-02,"São Paulo",0.0221712384012608
"860",2024-03-02,"Curitiba",0.00263119616534308
"861",2024-03-02,"Recife",0.0920996426940333
"862",2024-03-03,"Belo Horizonte",0.262055830986889
"863",2024-03-03,"Manaus",0.0679690592913952
"864",2024-03-03,"Fortaleza",0.134883238330833
"865",2024-03-03,"Rio de Janeiro",0.11474905988724
"866",2024-03-03,"São Paulo",0.0224351224620261
"867",2024-03-03,"Curitiba",0.0026560028144271
"868",2024-03-03,"Recife",0.0921103887381458
"869",2024-03-04,"Belo Horizonte",0.263660626371159
"870",2024-03-04,"Manaus",0.0679768123976045
"871",2024-03-04,"Fortaleza",0.134887767487899
"872",2024-03-04,"Rio de Janeiro",0.115055923768958
"873",2024-03-04,"São Paulo",0.0227135018087235
"874",2024-03-04,"Curitiba",0.00268193703846947
"875",2024-03-04,"Recife",0.0921338957096419
"876",2024-03-05,"Belo Horizonte",0.264926410889806
"877",2024-03-05,"Manaus",0.0679811735198472
"878",2024-03-05,"Fortaleza",0.134896002318928
"879",2024-03-05,"Rio de Janeiro",0.115299515087447
"880",2024-03-05,"São Paulo",0.0229813153144704
"881",2024-03-05,"Curitiba",0.00270279717519921
"882",2024-03-05,"Recife",0.0921486715202966
"883",2024-03-06,"Belo Horizonte",0.266128279984108
"884",2024-03-06,"Manaus",0.067986019211228
"885",2024-03-06,"Fortaleza",0.134904648891509
"886",2024-03-06,"Rio de Janeiro",0.115525557527076
"887",2024-03-06,"São Paulo",0.0232343715712864
"888",2024-03-06,"Curitiba",0.0027315503366375
"889",2024-03-06,"Recife",0.0921641189587083
"890",2024-03-07,"Belo Horizonte",0.267267529236988
"891",2024-03-07,"Manaus",0.067991834040885
"892",2024-03-07,"Fortaleza",0.134910001531679
"893",2024-03-07,"Rio de Janeiro",0.11572294216453
"894",2024-03-07,"São Paulo",0.0234845462351158
"895",2024-03-07,"Curitiba",0.0027665051603468
"896",2024-03-07,"Recife",0.0921869543024474
"897",2024-03-08,"Belo Horizonte",0.268462056694709
"898",2024-03-08,"Manaus",0.0679947414557135
"899",2024-03-08,"Fortaleza",0.134914942430296
"900",2024-03-08,"Rio de Janeiro",0.115919521807541
"901",2024-03-08,"São Paulo",0.0237556779388472
"902",2024-03-08,"Curitiba",0.00280597028388955
"903",2024-03-08,"Recife",0.0922037449963732
"904",2024-03-09,"Belo Horizonte",0.269693724196307
"905",2024-03-09,"Manaus",0.0679991025779563
"906",2024-03-09,"Fortaleza",0.134922765519774
"907",2024-03-09,"Rio de Janeiro",0.116127854369421
"908",2024-03-09,"São Paulo",0.0240464568674866
"909",2024-03-09,"Curitiba",0.00284148889507802
"910",2024-03-09,"Recife",0.0922138194127287
"911",2024-03-10,"Belo Horizonte",0.271091658173401
"912",2024-03-10,"Manaus",0.0680024945619229
"913",2024-03-10,"Fortaleza",0.134930176867701
"914",2024-03-10,"Rio de Janeiro",0.116375470660126
"915",2024-03-10,"São Paulo",0.0243768795299406
"916",2024-03-10,"Curitiba",0.00288264538105832
"917",2024-03-10,"Recife",0.0922285952233834
"918",2024-03-11,"Belo Horizonte",0.272499956813902
"919",2024-03-11,"Manaus",0.0680087939607179
"920",2024-03-11,"Fortaleza",0.13493552950787
"921",2024-03-11,"Rio de Janeiro",0.116622120957499
"922",2024-03-11,"São Paulo",0.0247003165124272
"923",2024-03-11,"Curitiba",0.00292718459191371
"924",2024-03-11,"Recife",0.0922447142895522
"925",2024-03-12,"Belo Horizonte",0.273636614900931
"926",2024-03-12,"Manaus",0.0680126705138226
"927",2024-03-12,"Fortaleza",0.134940882148039
"928",2024-03-12,"Rio de Janeiro",0.116825301554943
"929",2024-03-12,"São Paulo",0.0250032330600099
"930",2024-03-12,"Curitiba",0.00297228759024828
"931",2024-03-12,"Recife",0.0922588184724498
"932",2024-03-13,"Belo Horizonte",0.274753407383095
"933",2024-03-13,"Manaus",0.0680189699126176
"934",2024-03-13,"Fortaleza",0.13494952872062
"935",2024-03-13,"Rio de Janeiro",0.117015763240186
"936",2024-03-13,"São Paulo",0.0253184618685349
"937",2024-03-13,"Curitiba",0.00301513543866612
"938",2024-03-13,"Recife",0.0922756091663756
"939",2024-03-14,"Belo Horizonte",0.275833059821382
"940",2024-03-14,"Manaus",0.0680233310348604
"941",2024-03-14,"Fortaleza",0.13495776355165
"942",2024-03-14,"Rio de Janeiro",0.117191413027676
"943",2024-03-14,"São Paulo",0.0256526393339713
"944",2024-03-14,"Curitiba",0.00305798328708397
"945",2024-03-14,"Recife",0.0922883700937592
"946",2024-03-15,"Belo Horizonte",0.276993470262053
"947",2024-03-15,"Manaus",0.0680296304336555
"948",2024-03-15,"Fortaleza",0.134965174899576
"949",2024-03-15,"Rio de Janeiro",0.117380425722921
"950",2024-03-15,"São Paulo",0.026063484637049
"951",2024-03-15,"Curitiba",0.00311097931012709
"952",2024-03-15,"Recife",0.092303817532171
"953",2024-03-16,"Belo Horizonte",0.278157335590527
"954",2024-03-16,"Manaus",0.068033022417622
"955",2024-03-16,"Fortaleza",0.134972997989054
"956",2024-03-16,"Rio de Janeiro",0.117554626520413
"957",2024-03-16,"São Paulo",0.0264632401731785
"958",2024-03-16,"Curitiba",0.00316397533317021
"959",2024-03-16,"Recife",0.0923132203207694
"960",2024-03-17,"Belo Horizonte",0.279413187306742
"961",2024-03-17,"Manaus",0.0680393218164171
"962",2024-03-17,"Fortaleza",0.134979585853878
"963",2024-03-17,"Rio de Janeiro",0.117754426141196
"964",2024-03-17,"São Paulo",0.0268887554041875
"965",2024-03-17,"Curitiba",0.00322204544352597
"966",2024-03-17,"Recife",0.0923212798538538
"967",2024-03-18,"Belo Horizonte",0.280889288120368
"968",2024-03-18,"Manaus",0.0680441675077979
"969",2024-03-18,"Fortaleza",0.134989055909562
"970",2024-03-18,"Rio de Janeiro",0.117962919701965
"971",2024-03-18,"São Paulo",0.0273860484968607
"972",2024-03-18,"Curitiba",0.00328237070379846
"973",2024-03-18,"Recife",0.0923340407812374
"974",2024-03-19,"Belo Horizonte",0.282103681182954
"975",2024-03-19,"Manaus",0.0680456212152122
"976",2024-03-19,"Fortaleza",0.134996055515937
"977",2024-03-19,"Rio de Janeiro",0.118131807536133
"978",2024-03-19,"São Paulo",0.0278587170676491
"979",2024-03-19,"Curitiba",0.00335171656373787
"980",2024-03-19,"Recife",0.0923488165918921
"981",2024-03-20,"Belo Horizonte",0.283283093506538
"982",2024-03-20,"Manaus",0.0680499823374549
"983",2024-03-20,"Fortaleza",0.135007584279378
"984",2024-03-20,"Rio de Janeiro",0.118286044471435
"985",2024-03-20,"São Paulo",0.0283856993001833
"986",2024-03-20,"Curitiba",0.00342500893603155
"987",2024-03-20,"Recife",0.0923629207747898
"988",2024-03-21,"Belo Horizonte",0.284380452244813
"989",2024-03-21,"Manaus",0.0680533743214215
"990",2024-03-21,"Fortaleza",0.135016642593511
"991",2024-03-21,"Rio de Janeiro",0.118396811706809
"992",2024-03-21,"São Paulo",0.028877753132881
"993",2024-03-21,"Curitiba",0.00349209964605422
"994",2024-03-21,"Recife",0.092368293796846
"995",2024-03-22,"Belo Horizonte",0.285406985783137
"996",2024-03-22,"Manaus",0.06805628173625
"997",2024-03-22,"Fortaleza",0.135027347873849
"998",2024-03-22,"Rio de Janeiro",0.118513857898839
"999",2024-03-22,"São Paulo",0.0294705753991072
"1000",2024-03-22,"Curitiba",0.00359189002986946
"1001",2024-03-22,"Recife",0.0923797114687156
"1002",2024-03-23,"Belo Horizonte",0.286376081811743
"1003",2024-03-23,"Manaus",0.0680596737202166
"1004",2024-03-23,"Fortaleza",0.135032288772467
"1005",2024-03-23,"Rio de Janeiro",0.118627201116431
"1006",2024-03-23,"São Paulo",0.0300702960243011
"1007",2024-03-23,"Curitiba",0.00368942526376797
"1008",2024-03-23,"Recife",0.0923877710018
"1009",2024-03-24,"Belo Horizonte",0.2874142755964
"1010",2024-03-24,"Manaus",0.0680640348424593
"1011",2024-03-24,"Fortaleza",0.135040935345048
"1012",2024-03-24,"Rio de Janeiro",0.11873845134847
"1013",2024-03-24,"São Paulo",0.0306746446624733
"1014",2024-03-24,"Curitiba",0.00379992760968767
"1015",2024-03-24,"Recife",0.0923965021626414
"1016",2024-03-25,"Belo Horizonte",0.288512498056626
"1017",2024-03-25,"Manaus",0.0680688805338401
"1018",2024-03-25,"Fortaleza",0.13505287585004
"1019",2024-03-25,"Rio de Janeiro",0.118850667573842
"1020",2024-03-25,"São Paulo",0.0313517316933052
"1021",2024-03-25,"Curitiba",0.00394200205444157
"1022",2024-03-25,"Recife",0.0924052333234828
"1023",2024-03-26,"Belo Horizonte",0.289356786263366
"1024",2024-03-26,"Manaus",0.0680713033795305
"1025",2024-03-26,"Fortaleza",0.135060287197967
"1026",2024-03-26,"Rio de Janeiro",0.118926498050384
"1027",2024-03-26,"São Paulo",0.0318981865087484
"1028",2024-03-26,"Curitiba",0.00405306818784046
"1029",2024-03-26,"Recife",0.0924153077398383
"1030",2024-03-27,"Belo Horizonte",0.290121180189673
"1031",2024-03-27,"Manaus",0.0680732416560829
"1032",2024-03-27,"Fortaleza",0.135065639838136
"1033",2024-03-27,"Rio de Janeiro",0.11898671163473
"1034",2024-03-27,"São Paulo",0.032360114596587
"1035",2024-03-27,"Curitiba",0.0041528585716557
"1036",2024-03-27,"Recife",0.0924247105284367
"1037",2024-03-28,"Belo Horizonte",0.290827272884313
"1038",2024-03-28,"Manaus",0.0680771182091875
"1039",2024-03-28,"Fortaleza",0.135071815961408
"1040",2024-03-28,"Rio de Janeiro",0.119050467194625
"1041",2024-03-28,"São Paulo",0.0328146203994604
"1042",2024-03-28,"Curitiba",0.00424193699336648
"1043",2024-03-28,"Recife",0.0924334416892781
"1044",2024-03-29,"Belo Horizonte",0.291544162103336
"1045",2024-03-29,"Manaus",0.068080025624016
"1046",2024-03-29,"Fortaleza",0.13507799208468
"1047",2024-03-29,"Rio de Janeiro",0.119116798736738
"1048",2024-03-29,"São Paulo",0.0332697374493309
"1049",2024-03-29,"Curitiba",0.00433045162759807
"1050",2024-03-29,"Recife",0.0924408295946055
"1051",2024-03-30,"Belo Horizonte",0.292331444661335
"1052",2024-03-30,"Manaus",0.0680824484697064
"1053",2024-03-30,"Fortaleza",0.135084168207953
"1054",2024-03-30,"Rio de Janeiro",0.119203738136596
"1055",2024-03-30,"São Paulo",0.0337256403881977
"1056",2024-03-30,"Curitiba",0.00440318021241257
"1057",2024-03-30,"Recife",0.0924475458721758
"1058",2024-03-31,"Belo Horizonte",0.29322323757536
"1059",2024-03-31,"Manaus",0.0680868095919492
"1060",2024-03-31,"Fortaleza",0.135097755679151
"1061",2024-03-31,"Rio de Janeiro",0.119286491565349
"1062",2024-03-31,"São Paulo",0.0341873065130376
"1063",2024-03-31,"Curitiba",0.00449282242160253
"1064",2024-03-31,"Recife",0.0924609784273164
"1065",2024-04-01,"Belo Horizonte",0.294411718979426
"1066",2024-04-01,"Manaus",0.0680945626981585
"1067",2024-04-01,"Fortaleza",0.135112578375004
"1068",2024-04-01,"Rio de Janeiro",0.119409333717369
"1069",2024-04-01,"São Paulo",0.0348002999301694
"1070",2024-04-01,"Curitiba",0.00462080217937688
"1071",2024-04-01,"Recife",0.0924784407489993
"1072",2024-04-02,"Belo Horizonte",0.295319058888563
"1073",2024-04-02,"Manaus",0.0680994083895393
"1074",2024-04-02,"Fortaleza",0.135124107138446
"1075",2024-04-02,"Rio de Janeiro",0.119504806058324
"1076",2024-04-02,"São Paulo",0.0352624026600072
"1077",2024-04-02,"Curitiba",0.00472623043798394
"1078",2024-04-02,"Recife",0.0924912016763829
"1079",2024-04-03,"Belo Horizonte",0.296205237609909
"1080",2024-04-03,"Manaus",0.068103284942644
"1081",2024-04-03,"Fortaleza",0.135136047643438
"1082",2024-04-03,"Rio de Janeiro",0.119587881484854
"1083",2024-04-03,"São Paulo",0.0357350712307956
"1084",2024-04-03,"Curitiba",0.0048412430837371
"1085",2024-04-03,"Recife",0.0925012760927384
"1086",2024-04-04,"Belo Horizonte",0.297012817633747
"1087",2024-04-04,"Manaus",0.0681071614957486
"1088",2024-04-04,"Fortaleza",0.13514757640688
"1089",2024-04-04,"Rio de Janeiro",0.119663872960285
"1090",2024-04-04,"São Paulo",0.0362820499722363
"1091",2024-04-04,"Curitiba",0.00495907466688617
"1092",2024-04-04,"Recife",0.0925073207425516
"1093",2024-04-05,"Belo Horizonte",0.297836808374648
"1094",2024-04-05,"Manaus",0.0681115226179914
"1095",2024-04-05,"Fortaleza",0.135161163878078
"1096",2024-04-05,"Rio de Janeiro",0.119741313425713
"1097",2024-04-05,"São Paulo",0.036910237243297
"1098",2024-04-05,"Curitiba",0.00509607502432743
"1099",2024-04-05,"Recife",0.0925214249254493
"1100",2024-04-06,"Belo Horizonte",0.298667708891154
"1101",2024-04-06,"Manaus",0.0681173374476484
"1102",2024-04-06,"Fortaleza",0.13517557483238
"1103",2024-04-06,"Rio de Janeiro",0.119812957931151
"1104",2024-04-06,"São Paulo",0.037498606138544
"1105",2024-04-06,"Curitiba",0.00521221524503895
"1106",2024-04-06,"Recife",0.0925402305026462
"1107",2024-04-07,"Belo Horizonte",0.299486517300351
"1108",2024-04-07,"Manaus",0.0681226677081673
"1109",2024-04-07,"Fortaleza",0.135188750562027
"1110",2024-04-07,"Rio de Janeiro",0.119893296376575
"1111",2024-04-07,"São Paulo",0.038130373570588
"1112",2024-04-07,"Curitiba",0.00533624849045902
"1113",2024-04-07,"Recife",0.0925503049190017
"1114",2024-04-08,"Belo Horizonte",0.300405949316796
"1115",2024-04-08,"Manaus",0.0681294516761004
"1116",2024-04-08,"Fortaleza",0.135203161516329
"1117",2024-04-08,"Rio de Janeiro",0.119978464788658
"1118",2024-04-08,"São Paulo",0.0388594165961768
"1119",2024-04-08,"Curitiba",0.00545295249864973
"1120",2024-04-08,"Recife",0.0925583644520861
"1121",2024-04-09,"Belo Horizonte",0.301108155262658
"1122",2024-04-09,"Manaus",0.0681372047823097
"1123",2024-04-09,"Fortaleza",0.135215513762873
"1124",2024-04-09,"Rio de Janeiro",0.12005542225742
"1125",2024-04-09,"São Paulo",0.0394811421132677
"1126",2024-04-09,"Curitiba",0.00557022029431962
"1127",2024-04-09,"Recife",0.0925724686349838
"1128",2024-04-10,"Belo Horizonte",0.301800860267063
"1129",2024-04-10,"Manaus",0.0681410813354144
"1130",2024-04-10,"Fortaleza",0.135227454267866
"1131",2024-04-10,"Rio de Janeiro",0.120117728827318
"1132",2024-04-10,"São Paulo",0.0401294132142345
"1133",2024-04-10,"Curitiba",0.00568579672755196
"1134",2024-04-10,"Recife",0.0925879160733955
"1135",2024-04-11,"Belo Horizonte",0.302357529064244
"1136",2024-04-11,"Manaus",0.0681439887502429
"1137",2024-04-11,"Fortaleza",0.135237747806653
"1138",2024-04-11,"Rio de Janeiro",0.120174078438337
"1139",2024-04-11,"São Paulo",0.040708264120526
"1140",2024-04-11,"Curitiba",0.00579235256111738
"1141",2024-04-11,"Recife",0.0926000053730221
"1142",2024-04-12,"Belo Horizonte",0.30292844927361
"1143",2024-04-12,"Manaus",0.0681464115959333
"1144",2024-04-12,"Fortaleza",0.135247629603888
"1145",2024-04-12,"Rio de Janeiro",0.120226564076028
"1146",2024-04-12,"São Paulo",0.0413712924704237
"1147",2024-04-12,"Curitiba",0.00588594128266162
"1148",2024-04-12,"Recife",0.0926094081616205
"1149",2024-04-13,"Belo Horizonte",0.303492459707371
"1150",2024-04-13,"Manaus",0.0681488344416237
"1151",2024-04-13,"Fortaleza",0.135256276176469
"1152",2024-04-13,"Rio de Janeiro",0.12028484567371
"1153",2024-04-13,"São Paulo",0.0419720609476127
"1154",2024-04-13,"Curitiba",0.0059654353172263
"1155",2024-04-13,"Recife",0.0926147811836768
"1156",2024-04-14,"Belo Horizonte",0.304107861597195
"1157",2024-04-14,"Manaus",0.0681527109947284
"1158",2024-04-14,"Fortaleza",0.135265334490602
"1159",2024-04-14,"Rio de Janeiro",0.120348762232494
"1160",2024-04-14,"São Paulo",0.0426122111956175
"1161",2024-04-14,"Curitiba",0.00606578948852072
"1162",2024-04-14,"Recife",0.0926228407167611
"1163",2024-04-15,"Belo Horizonte",0.304772495638204
"1164",2024-04-15,"Manaus",0.0681580412552473
"1165",2024-04-15,"Fortaleza",0.135271922355425
"1166",2024-04-15,"Rio de Janeiro",0.120410263807949
"1167",2024-04-15,"São Paulo",0.043287464485458
"1168",2024-04-15,"Curitiba",0.00616276093494005
"1169",2024-04-15,"Recife",0.0926382881551729
"1170",2024-04-16,"Belo Horizonte",0.305287273920779
"1171",2024-04-16,"Manaus",0.0681604641009377
"1172",2024-04-16,"Fortaleza",0.135279333703352
"1173",2024-04-16,"Rio de Janeiro",0.120459529467868
"1174",2024-04-16,"São Paulo",0.0438481526238345
"1175",2024-04-16,"Curitiba",0.00626255131875529
"1176",2024-04-16,"Recife",0.0926450044327432
"1177",2024-04-17,"Belo Horizonte",0.305777436127762
"1178",2024-04-17,"Manaus",0.0681633715157662
"1179",2024-04-17,"Fortaleza",0.135283039377315
"1180",2024-04-17,"Rio de Janeiro",0.120506219145569
"1181",2024-04-17,"São Paulo",0.0443774925233577
"1182",2024-04-17,"Curitiba",0.00637643638955009
"1183",2024-04-17,"Recife",0.0926564221046127
"1184",2024-04-18,"Belo Horizonte",0.30624859645183
"1185",2024-04-18,"Manaus",0.0681657943614566
"1186",2024-04-18,"Fortaleza",0.135287568534381
"1187",2024-04-18,"Rio de Janeiro",0.120545824872171
"1188",2024-04-18,"São Paulo",0.0449407129707224
"1189",2024-04-18,"Curitiba",0.00647566298588614
"1190",2024-04-18,"Recife",0.0926604518711549
"1191",2024-04-19,"Belo Horizonte",0.306660591822281
"1192",2024-04-19,"Manaus",0.0681677326380089
"1193",2024-04-19,"Fortaleza",0.135293744657653
"1194",2024-04-19,"Rio de Janeiro",0.12058575259655
"1195",2024-04-19,"São Paulo",0.0456174507175559
"1196",2024-04-19,"Curitiba",0.00657432579474302
"1197",2024-04-19,"Recife",0.0926671681487252
"1198",2024-04-20,"Belo Horizonte",0.307153345195115
"1199",2024-04-20,"Manaus",0.0681687017762851
"1200",2024-04-20,"Fortaleza",0.135299920780926
"1201",2024-04-20,"Rio de Janeiro",0.120631637279808
"1202",2024-04-20,"São Paulo",0.0463364518281917
"1203",2024-04-20,"Curitiba",0.0066634042164538
"1204",2024-04-20,"Recife",0.0926745560540526
"1205",2024-04-21,"Belo Horizonte",0.307623641797233
"1206",2024-04-21,"Manaus",0.0681720937602517
"1207",2024-04-21,"Fortaleza",0.135308567353506
"1208",2024-04-21,"Rio de Janeiro",0.120669311019746
"1209",2024-04-21,"São Paulo",0.0470322255529362
"1210",2024-04-21,"Curitiba",0.00675417400060213
"1211",2024-04-21,"Recife",0.0926785858205948
"1212",2024-04-22,"Belo Horizonte",0.308142738689561
"1213",2024-04-22,"Manaus",0.0681735474676659
"1214",2024-04-22,"Fortaleza",0.135315566959882
"1215",2024-04-22,"Rio de Janeiro",0.120715517700781
"1216",2024-04-22,"São Paulo",0.0477501788115769
"1217",2024-04-22,"Curitiba",0.00684156105987536
"1218",2024-04-22,"Recife",0.092682615587137
"1219",2024-04-23,"Belo Horizonte",0.308542641952703
"1220",2024-04-23,"Manaus",0.0681764548824944
"1221",2024-04-23,"Fortaleza",0.135324625274014
"1222",2024-04-23,"Rio de Janeiro",0.120756894415158
"1223",2024-04-23,"São Paulo",0.0483004757510021
"1224",2024-04-23,"Curitiba",0.00693853250629469
"1225",2024-04-23,"Recife",0.0926906751202214
"1226",2024-04-24,"Belo Horizonte",0.308899790979288
"1227",2024-04-24,"Manaus",0.0681779085899087
"1228",2024-04-24,"Fortaleza",0.135333683588146
"1229",2024-04-24,"Rio de Janeiro",0.120794890152873
"1230",2024-04-24,"São Paulo",0.0487880762127206
"1231",2024-04-24,"Curitiba",0.00703155744035974
"1232",2024-04-24,"Recife",0.0926987346533057
"1233",2024-04-25,"Belo Horizonte",0.309242688593688
"1234",2024-04-25,"Manaus",0.0681808160047371
"1235",2024-04-25,"Fortaleza",0.135337801003661
"1236",2024-04-25,"Rio de Janeiro",0.120829665912816
"1237",2024-04-25,"São Paulo",0.0492469480655735
"1238",2024-04-25,"Curitiba",0.0071149979872787
"1239",2024-04-25,"Recife",0.0927101523251753
"1240",2024-04-26,"Belo Horizonte",0.309565288742248
"1241",2024-04-26,"Manaus",0.0681827542812895
"1242",2024-04-26,"Fortaleza",0.135347682800897
"1243",2024-04-26,"Rio de Janeiro",0.120871203626081
"1244",2024-04-26,"São Paulo",0.0497930535970183
"1245",2024-04-26,"Curitiba",0.00722437275824004
"1246",2024-04-26,"Recife",0.0927128388362034
"1247",2024-04-27,"Belo Horizonte",0.309869750729845
"1248",2024-04-27,"Manaus",0.0681842079887037
"1249",2024-04-27,"Fortaleza",0.135353858924169
"1250",2024-04-27,"Rio de Janeiro",0.120907267377133
"1251",2024-04-27,"São Paulo",0.0503128755075861
"1252",2024-04-27,"Curitiba",0.00731401496743
"1253",2024-04-27,"Recife",0.0927175402305026
"1254",2024-04-28,"Belo Horizonte",0.31019926065401
"1255",2024-04-28,"Manaus",0.0681861462652561
"1256",2024-04-28,"Fortaleza",0.13536250549675
"1257",2024-04-28,"Rio de Janeiro",0.120945585112626
"1258",2024-04-28,"São Paulo",0.0508579331870357
"1259",2024-04-28,"Curitiba",0.00742338973839133
"1260",2024-04-28,"Recife",0.0927222416248019
"1261",2024-04-29,"Belo Horizonte",0.310572388536682
"1262",2024-04-29,"Manaus",0.0681871154035322
"1263",2024-04-29,"Fortaleza",0.135369916844676
"1264",2024-04-29,"Rio de Janeiro",0.120987927820334
"1265",2024-04-29,"São Paulo",0.0514246464743841
"1266",2024-04-29,"Curitiba",0.00752825420951921
"1267",2024-04-29,"Recife",0.0927276146468581
"1268",2024-04-30,"Belo Horizonte",0.310892397519391
"1269",2024-04-30,"Manaus",0.0681890536800845
"1270",2024-04-30,"Fortaleza",0.135378563417257
"1271",2024-04-30,"Rio de Janeiro",0.12102350857472
"1272",2024-04-30,"São Paulo",0.0519848106867631
"1273",2024-04-30,"Curitiba",0.00762522565593854
"1274",2024-04-30,"Recife",0.0927363458076995
"1275",2024-05-01,"Belo Horizonte",0.311232703967939
"1276",2024-05-01,"Manaus",0.0681900228183607
"1277",2024-05-01,"Fortaleza",0.135390915663801
"1278",2024-05-01,"Rio de Janeiro",0.121066978274649
"1279",2024-05-01,"São Paulo",0.0526081079818467
"1280",2024-05-01,"Curitiba",0.00776730010069244
"1281",2024-05-01,"Recife",0.092745748596298
"1282",2024-05-02,"Belo Horizonte",0.311526801292128
"1283",2024-05-02,"Manaus",0.068191961094913
"1284",2024-05-02,"Fortaleza",0.135394621337765
"1285",2024-05-02,"Rio de Janeiro",0.121103525022367
"1286",2024-05-02,"São Paulo",0.0531917615431158
"1287",2024-05-02,"Curitiba",0.00787103699686196
"1288",2024-05-02,"Recife",0.0927544797571394
"1289",2024-05-03,"Belo Horizonte",0.311795850679749
"1290",2024-05-03,"Manaus",0.0681924456640511
"1291",2024-05-03,"Fortaleza",0.135404091393449
"1292",2024-05-03,"Rio de Janeiro",0.121144257741189
"1293",2024-05-03,"São Paulo",0.0538761835379133
"1294",2024-05-03,"Curitiba",0.00800296326699058
"1295",2024-05-03,"Recife",0.0927658974290089
"1296",2024-05-04,"Belo Horizonte",0.312075696591753
"1297",2024-05-04,"Manaus",0.0681943839406035
"1298",2024-05-04,"Fortaleza",0.135413561449133
"1299",2024-05-04,"Rio de Janeiro",0.121180160493352
"1300",2024-05-04,"São Paulo",0.0545257644538739
"1301",2024-05-04,"Curitiba",0.00812699651241065
"1302",2024-05-04,"Recife",0.0927712704510652
"1303",2024-05-05,"Belo Horizonte",0.312361156696436
"1304",2024-05-05,"Manaus",0.0681958376480177
"1305",2024-05-05,"Fortaleza",0.135419325830853
"1306",2024-05-05,"Rio de Janeiro",0.121224113189947
"1307",2024-05-05,"São Paulo",0.0552204903266233
"1308",2024-05-05,"Curitiba",0.00826568823228946
"1309",2024-05-05,"Recife",0.0927779867286355
"1310",2024-05-06,"Belo Horizonte",0.312648344245021
"1311",2024-05-06,"Manaus",0.0681963222171558
"1312",2024-05-06,"Fortaleza",0.135425501954125
"1313",2024-05-06,"Rio de Janeiro",0.121267743888764
"1314",2024-05-06,"São Paulo",0.0559835885420528
"1315",2024-05-06,"Curitiba",0.00843482447604411
"1316",2024-05-06,"Recife",0.0927894044005051
"1317",2024-05-07,"Belo Horizonte",0.312888458947296
"1318",2024-05-07,"Manaus",0.0681992296319843
"1319",2024-05-07,"Fortaleza",0.135433325043603
"1320",2024-05-07,"Rio de Janeiro",0.121306544620922
"1321",2024-05-07,"São Paulo",0.056596494638185
"1322",2024-05-07,"Curitiba",0.00857859028323555
"1323",2024-05-07,"Recife",0.0927961206780754
"1324",2024-05-08,"Belo Horizonte",0.313112594793484
"1325",2024-05-08,"Manaus",0.0682026216159509
"1326",2024-05-08,"Fortaleza",0.13544073639153
"1327",2024-05-08,"Rio de Janeiro",0.121346311346413
"1328",2024-05-08,"São Paulo",0.0572045107583401
"1329",2024-05-08,"Curitiba",0.00872010094051027
"1330",2024-05-08,"Recife",0.0927988071891035
"1331",2024-05-09,"Belo Horizonte",0.313314705729931
"1332",2024-05-09,"Manaus",0.0682045598925032
"1333",2024-05-09,"Fortaleza",0.135448147739457
"1334",2024-05-09,"Rio de Janeiro",0.121379155119692
"1335",2024-05-09,"São Paulo",0.057820909694456
"1336",2024-05-09,"Curitiba",0.00886894083501436
"1337",2024-05-09,"Recife",0.0928035085834027
"1338",2024-05-10,"Belo Horizonte",0.313537545993194
"1339",2024-05-10,"Manaus",0.0682055290307794
"1340",2024-05-10,"Fortaleza",0.135454323862729
"1341",2024-05-10,"Rio de Janeiro",0.121413125885192
"1342",2024-05-10,"São Paulo",0.0585497780780456
"1343",2024-05-10,"Curitiba",0.00905668206558202
"1344",2024-05-10,"Recife",0.0928102248609731
"1345",2024-05-11,"Belo Horizonte",0.313732747154036
"1346",2024-05-11,"Manaus",0.0682074673073317
"1347",2024-05-11,"Fortaleza",0.135458853019795
"1348",2024-05-11,"Rio de Janeiro",0.121443554675142
"1349",2024-05-11,"São Paulo",0.0591570083092044
"1350",2024-05-11,"Curitiba",0.00918409803587718
"1351",2024-05-11,"Recife",0.0928135829997582
"1352",2024-05-12,"Belo Horizonte",0.313965088358756
"1353",2024-05-12,"Manaus",0.0682098901530221
"1354",2024-05-12,"Fortaleza",0.135465029143067
"1355",2024-05-12,"Rio de Janeiro",0.121476398448422
"1356",2024-05-12,"São Paulo",0.0598131383001343
"1357",2024-05-12,"Curitiba",0.00934083095508982
"1358",2024-05-12,"Recife",0.0928189560218145
"1359",2024-05-13,"Belo Horizonte",0.31417756395861
"1360",2024-05-13,"Manaus",0.0682123129987125
"1361",2024-05-13,"Fortaleza",0.135470381783236
"1362",2024-05-13,"Rio de Janeiro",0.121513750190582
"1363",2024-05-13,"São Paulo",0.0605064670368902
"1364",2024-05-13,"Curitiba",0.00949700008682327
"1365",2024-05-13,"Recife",0.092830373693684
"1366",2024-05-14,"Belo Horizonte",0.314343830434107
"1367",2024-05-14,"Manaus",0.0682127975678506
"1368",2024-05-14,"Fortaleza",0.135477381389611
"1369",2024-05-14,"Rio de Janeiro",0.121543212987201
"1370",2024-05-14,"São Paulo",0.0610864531161765
"1371",2024-05-14,"Curitiba",0.00962272469468089
"1372",2024-05-14,"Recife",0.0928384332267684
"1373",2024-05-15,"Belo Horizonte",0.314509233187652
"1374",2024-05-15,"Manaus",0.0682142512752648
"1375",2024-05-15,"Fortaleza",0.135481498805126
"1376",2024-05-15,"Rio de Janeiro",0.121569777803824
"1377",2024-05-15,"São Paulo",0.0616675743684574
"1378",2024-05-15,"Curitiba",0.00974844930253851
"1379",2024-05-15,"Recife",0.0928444778765817
"1380",2024-05-16,"Belo Horizonte",0.314653474753407
"1381",2024-05-16,"Manaus",0.0682161895518172
"1382",2024-05-16,"Fortaleza",0.13548808666995
"1383",2024-05-16,"Rio de Janeiro",0.12160181658266
"1384",2024-05-16,"São Paulo",0.0622318426678172
"1385",2024-05-16,"Curitiba",0.00987304633543776
"1386",2024-05-16,"Recife",0.092851865781909
"1387",2024-05-17,"Belo Horizonte",0.314775259548446
"1388",2024-05-17,"Manaus",0.0682176432592314
"1389",2024-05-17,"Fortaleza",0.135495909759428
"1390",2024-05-17,"Rio de Janeiro",0.121634016360385
"1391",2024-05-17,"São Paulo",0.0628466698259404
"1392",2024-05-17,"Curitiba",0.00999989851825375
"1393",2024-05-17,"Recife",0.0928579104317223
"1394",2024-05-18,"Belo Horizonte",0.314927274611757
"1395",2024-05-18,"Manaus",0.0682181278283695
"1396",2024-05-18,"Fortaleza",0.135502909365803
"1397",2024-05-18,"Rio de Janeiro",0.121666377136999
"1398",2024-05-18,"São Paulo",0.0633955696293721
"1399",2024-05-18,"Curitiba",0.0101340799382991
"1400",2024-05-18,"Recife",0.0928666415925637
"1401",2024-05-19,"Belo Horizonte",0.315077994092142
"1402",2024-05-19,"Manaus",0.0682215198123361
"1403",2024-05-19,"Fortaleza",0.135513614646141
"1404",2024-05-19,"Rio de Janeiro",0.12169664492806
"1405",2024-05-19,"São Paulo",0.0639035158839955
"1406",2024-05-19,"Curitiba",0.0102434547092604
"1407",2024-05-19,"Recife",0.0928767160089192
"1408",2024-05-20,"Belo Horizonte",0.31525332964812
"1409",2024-05-20,"Manaus",0.0682224889506122
"1410",2024-05-20,"Fortaleza",0.135523496443376
"1411",2024-05-20,"Rio de Janeiro",0.12173528466133
"1412",2024-05-20,"São Paulo",0.0644239490415603
"1413",2024-05-20,"Curitiba",0.0103522656927426
"1414",2024-05-20,"Recife",0.0928834322864895
"1415",2024-05-21,"Belo Horizonte",0.31539066143827
"1416",2024-05-21,"Manaus",0.0682234580888884
"1417",2024-05-21,"Fortaleza",0.13552720211734
"1418",2024-05-21,"Rio de Janeiro",0.12175991749129
"1419",2024-05-21,"São Paulo",0.0648143612307336
"1420",2024-05-21,"Curitiba",0.0104435992643701
"1421",2024-05-21,"Recife",0.0928941783306021
"1422",2024-05-22,"Belo Horizonte",0.315514605538185
"1423",2024-05-22,"Manaus",0.0682244272271646
"1424",2024-05-22,"Fortaleza",0.135532554757509
"1425",2024-05-22,"Rio de Janeiro",0.121786160310135
"1426",2024-05-22,"São Paulo",0.0652466874997107
"1427",2024-05-22,"Curitiba",0.0105259122363307
"1428",2024-05-22,"Recife",0.0929035811192005
"1429",2024-05-23,"Belo Horizonte",0.315618684033236
"1430",2024-05-23,"Manaus",0.0682263655037169
"1431",2024-05-23,"Fortaleza",0.135539142622333
"1432",2024-05-23,"Rio de Janeiro",0.121806768167879
"1433",2024-05-23,"São Paulo",0.0656523808638125
"1434",2024-05-23,"Curitiba",0.0106059700583746
"1435",2024-05-23,"Recife",0.0929096257690138
"1436",2024-05-24,"Belo Horizonte",0.315721035084386
"1437",2024-05-24,"Manaus",0.0682283037802692
"1438",2024-05-24,"Fortaleza",0.135544907004053
"1439",2024-05-24,"Rio de Janeiro",0.121825766036737
"1440",2024-05-24,"São Paulo",0.066070735772855
"1441",2024-05-24,"Curitiba",0.0106623488062928
"1442",2024-05-24,"Recife",0.09291499879107
"1443",2024-05-25,"Belo Horizonte",0.315828568467239
"1444",2024-05-25,"Manaus",0.0682287883494073
"1445",2024-05-25,"Fortaleza",0.135549024419568
"1446",2024-05-25,"Rio de Janeiro",0.121841221930045
"1447",2024-05-25,"São Paulo",0.0664437710831096
"1448",2024-05-25,"Curitiba",0.0107142172543775
"1449",2024-05-25,"Recife",0.0929203718131263
"1450",2024-05-26,"Belo Horizonte",0.315922282298882
"1451",2024-05-26,"Manaus",0.0682302420568215
"1452",2024-05-26,"Fortaleza",0.13555231835198
"1453",2024-05-26,"Rio de Janeiro",0.121856355825576
"1454",2024-05-26,"São Paulo",0.0667631039786154
"1455",2024-05-26,"Curitiba",0.0107722873647333
"1456",2024-05-26,"Recife",0.092934475996024
"1457",2024-05-27,"Belo Horizonte",0.316021178462229
"1458",2024-05-27,"Manaus",0.068232664902512
"1459",2024-05-27,"Fortaleza",0.135556847509046
"1460",2024-05-27,"Rio de Janeiro",0.12187696368332
"1461",2024-05-27,"São Paulo",0.0670896845170874
"1462",2024-05-27,"Curitiba",0.0108162627881095
"1463",2024-05-27,"Recife",0.0929405206458373
"1464",2024-05-28,"Belo Horizonte",0.316095890410959
"1465",2024-05-28,"Manaus",0.06823314947165
"1466",2024-05-28,"Fortaleza",0.135561788407664
"1467",2024-05-28,"Rio de Janeiro",0.121890487589964
"1468",2024-05-28,"São Paulo",0.0673734777657595
"1469",2024-05-28,"Curitiba",0.0108658760862775
"1470",2024-05-28,"Recife",0.0929479085511646
"1471",2024-05-29,"Belo Horizonte",0.316155919086528
"1472",2024-05-29,"Manaus",0.0682355723173405
"1473",2024-05-29,"Fortaleza",0.135565494081627
"1474",2024-05-29,"Rio de Janeiro",0.121902240508834
"1475",2024-05-29,"São Paulo",0.0676516824704578
"1476",2024-05-29,"Curitiba",0.0109104152971329
"1477",2024-05-29,"Recife",0.0929532815732209
"1478",2024-05-30,"Belo Horizonte",0.316207742403565
"1479",2024-05-30,"Manaus",0.0682355723173405
"1480",2024-05-30,"Fortaleza",0.135567964530936
"1481",2024-05-30,"Rio de Janeiro",0.12191318843326
"1482",2024-05-30,"São Paulo",0.0679050006902725
"1483",2024-05-30,"Curitiba",0.0109577734453842
"1484",2024-05-30,"Recife",0.0929599978507912
"1485",2024-05-31,"Belo Horizonte",0.316253087805973
"1486",2024-05-31,"Manaus",0.0682370260247547
"1487",2024-05-31,"Fortaleza",0.135571670204899
"1488",2024-05-31,"Rio de Janeiro",0.121926712339905
"1489",2024-05-31,"São Paulo",0.0681252242512421
"1490",2024-05-31,"Curitiba",0.0109978023564061
"1491",2024-05-31,"Recife",0.0929646992450904
"1492",2024-06-01,"Belo Horizonte",0.316319594396172
"1493",2024-06-01,"Manaus",0.0682379951630309
"1494",2024-06-01,"Fortaleza",0.135577022845068
"1495",2024-06-01,"Rio de Janeiro",0.121946676202094
"1496",2024-06-01,"São Paulo",0.0683483294051982
"1497",2024-06-01,"Curitiba",0.0110327571801154
"1498",2024-06-01,"Recife",0.0929734304059318
"1499",2024-06-02,"Belo Horizonte",0.316380054932716
"1500",2024-06-02,"Manaus",0.0682404180087213
"1501",2024-06-02,"Fortaleza",0.135582375485237
"1502",2024-06-02,"Rio de Janeiro",0.121965674070952
"1503",2024-06-02,"São Paulo",0.0685302190473471
"1504",2024-06-02,"Curitiba",0.0110660206413872
"1505",2024-06-02,"Recife",0.0929821615667732
"1506",2024-06-03,"Belo Horizonte",0.31644051546926
"1507",2024-06-03,"Manaus",0.0682418717161355
"1508",2024-06-03,"Fortaleza",0.13558855160851
"1509",2024-06-03,"Rio de Janeiro",0.121985959930919
"1510",2024-06-03,"São Paulo",0.068706345503523
"1511",2024-06-03,"Curitiba",0.0110925186529087
"1512",2024-06-03,"Recife",0.0929902210998576
"1513",2024-06-04,"Belo Horizonte",0.316489747620446
"1514",2024-06-04,"Manaus",0.0682438099926879
"1515",2024-06-04,"Fortaleza",0.135589786833164
"1516",2024-06-04,"Rio de Janeiro",0.122002864814224
"1517",2024-06-04,"São Paulo",0.0688443126828775
"1518",2024-06-04,"Curitiba",0.0111139425771177
"1519",2024-06-04,"Recife",0.0929949224941568
"1520",2024-06-05,"Belo Horizonte",0.316529478830175
"1521",2024-06-05,"Manaus",0.068244779130964
"1522",2024-06-05,"Fortaleza",0.135591845540921
"1523",2024-06-05,"Rio de Janeiro",0.122018642705309
"1524",2024-06-05,"São Paulo",0.0689917105301878
"1525",2024-06-05,"Curitiba",0.0111331113514099
"1526",2024-06-05,"Recife",0.0930029820272412
"1527",2024-06-06,"Belo Horizonte",0.316579142842336
"1528",2024-06-06,"Manaus",0.0682467174075164
"1529",2024-06-06,"Fortaleza",0.135596786439539
"1530",2024-06-06,"Rio de Janeiro",0.122033293604174
"1531",2024-06-06,"São Paulo",0.0691281059315496
"1532",2024-06-06,"Curitiba",0.0111584817879731
"1533",2024-06-06,"Recife",0.0930090266770545
"1534",2024-06-07,"Belo Horizonte",0.316616714747189
"1535",2024-06-07,"Manaus",0.0682491402532068
"1536",2024-06-07,"Fortaleza",0.135601727338157
"1537",2024-06-07,"Rio de Janeiro",0.122048105501928
"1538",2024-06-07,"São Paulo",0.069290872274788
"1539",2024-06-07,"Curitiba",0.0111793419247028
"1540",2024-06-07,"Recife",0.0930164145823819
"1541",2024-06-08,"Belo Horizonte",0.316647808737411
"1542",2024-06-08,"Manaus",0.0682501093914829
"1543",2024-06-08,"Fortaleza",0.135605021270569
"1544",2024-06-08,"Rio de Janeiro",0.122065171384122
"1545",2024-06-08,"São Paulo",0.0694585285940035
"1546",2024-06-08,"Curitiba",0.0112182432607664
"1547",2024-06-08,"Recife",0.0930231308599522
"1548",2024-06-09,"Belo Horizonte",0.316702655081276
"1549",2024-06-09,"Manaus",0.0682515630988972
"1550",2024-06-09,"Fortaleza",0.135606668236774
"1551",2024-06-09,"Rio de Janeiro",0.122080466278541
"1552",2024-06-09,"São Paulo",0.0696286299012076
"1553",2024-06-09,"Curitiba",0.0112520705095173
"1554",2024-06-09,"Recife",0.0930325336485506
"1555",2024-06-10,"Belo Horizonte",0.316758365147092
"1556",2024-06-10,"Manaus",0.0682539859445876
"1557",2024-06-10,"Fortaleza",0.135609138686083
"1558",2024-06-10,"Rio de Janeiro",0.122098659152956
"1559",2024-06-10,"São Paulo",0.0698077252713696
"1560",2024-06-10,"Curitiba",0.011285333970789
"1561",2024-06-10,"Recife",0.093041264809392
"1562",2024-06-11,"Belo Horizonte",0.316806301715352
"1563",2024-06-11,"Manaus",0.0682559242211399
"1564",2024-06-11,"Fortaleza",0.135612020876944
"1565",2024-06-11,"Rio de Janeiro",0.122112344058489
"1566",2024-06-11,"São Paulo",0.0699409771167462
"1567",2024-06-11,"Curitiba",0.0113084492574355
"1568",2024-06-11,"Recife",0.0930499959702335
"1569",2024-06-12,"Belo Horizonte",0.316833508956797
"1570",2024-06-12,"Manaus",0.0682583470668303
"1571",2024-06-12,"Fortaleza",0.135615314809355
"1572",2024-06-12,"Rio de Janeiro",0.122126350961799
"1573",2024-06-12,"São Paulo",0.0700668066771574
"1574",2024-06-12,"Curitiba",0.0113293093941652
"1575",2024-06-12,"Recife",0.0930587271310749
"1576",2024-06-13,"Belo Horizonte",0.316862011781167
"1577",2024-06-13,"Manaus",0.0682598007742446
"1578",2024-06-13,"Fortaleza",0.13561943222487
"1579",2024-06-13,"Rio de Janeiro",0.122141323858441
"1580",2024-06-13,"São Paulo",0.0701987487075401
"1581",2024-06-13,"Curitiba",0.0113524246808117
"1582",2024-06-13,"Recife",0.0930714880584585
"1583",2024-06-14,"Belo Horizonte",0.316890082744563
"1584",2024-06-14,"Manaus",0.0682612544816588
"1585",2024-06-14,"Fortaleza",0.135623961381936
"1586",2024-06-14,"Rio de Janeiro",0.122157262748415
"1587",2024-06-14,"São Paulo",0.0703402960478778
"1588",2024-06-14,"Curitiba",0.0113783589048541
"1589",2024-06-14,"Recife",0.0930788759637858
"1590",2024-06-15,"Belo Horizonte",0.316917289986008
"1591",2024-06-15,"Manaus",0.0682631927582111
"1592",2024-06-15,"Fortaleza",0.135630137505209
"1593",2024-06-15,"Rio de Janeiro",0.122173684635055
"1594",2024-06-15,"São Paulo",0.0704808828572199
"1595",2024-06-15,"Curitiba",0.0114093672162091
"1596",2024-06-15,"Recife",0.0930876071246272
"1597",2024-06-16,"Belo Horizonte",0.316949679559156
"1598",2024-06-16,"Manaus",0.0682636773273492
"1599",2024-06-16,"Fortaleza",0.135633843179172
"1600",2024-06-16,"Rio de Janeiro",0.12218833553392
"1601",2024-06-16,"São Paulo",0.0706263596425393
"1602",2024-06-16,"Curitiba",0.0114353014402515
"1603",2024-06-16,"Recife",0.0930943234021976
"1604",2024-06-17,"Belo Horizonte",0.316983796576206
"1605",2024-06-17,"Manaus",0.0682646464656254
"1606",2024-06-17,"Fortaleza",0.135637960594687
"1607",2024-06-17,"Rio de Janeiro",0.122203791427228
"1608",2024-06-17,"São Paulo",0.0707665098468835
"1609",2024-06-17,"Curitiba",0.0114663097516065
"1610",2024-06-17,"Recife",0.0931017113075249
"1611",2024-06-18,"Belo Horizonte",0.317012731261552
"1612",2024-06-18,"Manaus",0.0682661001730396
"1613",2024-06-18,"Fortaleza",0.135643313234856
"1614",2024-06-18,"Rio de Janeiro",0.122217154334984
"1615",2024-06-18,"São Paulo",0.0708790666153569
"1616",2024-06-18,"Curitiba",0.0114888612507738
"1617",2024-06-18,"Recife",0.0931124573516374
"1618",2024-06-19,"Belo Horizonte",0.317036483615195
"1619",2024-06-19,"Manaus",0.0682685230187301
"1620",2024-06-19,"Fortaleza",0.135650312841231
"1621",2024-06-19,"Rio de Janeiro",0.122230356243851
"1622",2024-06-19,"São Paulo",0.0709870826918514
"1623",2024-06-19,"Curitiba",0.0115102851749827
"1624",2024-06-19,"Recife",0.0931225317679929
"1625",2024-06-20,"Belo Horizonte",0.31707103249322
"1626",2024-06-20,"Manaus",0.0682704612952824
"1627",2024-06-20,"Fortaleza",0.135653606773643
"1628",2024-06-20,"Rio de Janeiro",0.122244202148273
"1629",2024-06-20,"São Paulo",0.0711040928313039
"1630",2024-06-20,"Curitiba",0.0115300177367541
"1631",2024-06-20,"Recife",0.0931352926953765
"1632",2024-06-21,"Belo Horizonte",0.31709132995906
"1633",2024-06-21,"Manaus",0.0682709458644205
"1634",2024-06-21,"Fortaleza",0.135656900706054
"1635",2024-06-21,"Rio de Janeiro",0.122254667076033
"1636",2024-06-21,"São Paulo",0.0712191819087654
"1637",2024-06-21,"Curitiba",0.0115587708981924
"1638",2024-06-21,"Recife",0.0931386508341617
"1639",2024-06-22,"Belo Horizonte",0.317117673478554
"1640",2024-06-22,"Manaus",0.0682714304335585
"1641",2024-06-22,"Fortaleza",0.135662253346224
"1642",2024-06-22,"Rio de Janeiro",0.122266258996014
"1643",2024-06-22,"São Paulo",0.0713270233432609
"1644",2024-06-22,"Curitiba",0.0115745569476095
"1645",2024-06-22,"Recife",0.0931426806007039
"1646",2024-06-23,"Belo Horizonte",0.317140562110245
"1647",2024-06-23,"Manaus",0.0682733687101109
"1648",2024-06-23,"Fortaleza",0.135668841211047
"1649",2024-06-23,"Rio de Janeiro",0.122279138907104
"1650",2024-06-23,"São Paulo",0.0714306733697759
"1651",2024-06-23,"Curitiba",0.0115954170843392
"1652",2024-06-23,"Recife",0.0931493968782742
"1653",2024-06-24,"Belo Horizonte",0.31717424726632
"1654",2024-06-24,"Manaus",0.068274337848387
"1655",2024-06-24,"Fortaleza",0.135672958626562
"1656",2024-06-24,"Rio de Janeiro",0.122292662813749
"1657",2024-06-24,"São Paulo",0.0715305685933085
"1658",2024-06-24,"Curitiba",0.0116190961584649
"1659",2024-06-24,"Recife",0.0931554415280875
"1660",2024-06-25,"Belo Horizonte",0.317202750090691
"1661",2024-06-25,"Manaus",0.0682767606940775
"1662",2024-06-25,"Fortaleza",0.135678311266731
"1663",2024-06-25,"Rio de Janeiro",0.12230425473373
"1664",2024-06-25,"São Paulo",0.0716118644439281
"1665",2024-06-25,"Curitiba",0.0116314994830069
"1666",2024-06-25,"Recife",0.0931695457109851
"1667",2024-06-26,"Belo Horizonte",0.317228229888234
"1668",2024-06-26,"Manaus",0.0682777298323536
"1669",2024-06-26,"Fortaleza",0.135682428682246
"1670",2024-06-26,"Rio de Janeiro",0.122316490649265
"1671",2024-06-26,"São Paulo",0.0716891435285665
"1672",2024-06-26,"Curitiba",0.0116517958322574
"1673",2024-06-26,"Recife",0.0931809633828547
"1674",2024-06-27,"Belo Horizonte",0.317257596434556
"1675",2024-06-27,"Manaus",0.0682796681089059
"1676",2024-06-27,"Fortaleza",0.135685722614658
"1677",2024-06-27,"Rio de Janeiro",0.122324379594808
"1678",2024-06-27,"São Paulo",0.0717472993142944
"1679",2024-06-27,"Curitiba",0.0116647629442786
"1680",2024-06-27,"Recife",0.0931937243102383
"1681",2024-06-28,"Belo Horizonte",0.317279621344297
"1682",2024-06-28,"Manaus",0.0682830600928725
"1683",2024-06-28,"Fortaleza",0.135689840030172
"1684",2024-06-28,"Rio de Janeiro",0.122333234533682
"1685",2024-06-28,"São Paulo",0.0718105197179986
"1686",2024-06-28,"Curitiba",0.0116777300562998
"1687",2024-06-28,"Recife",0.093208500120893
"1688",2024-06-29,"Belo Horizonte",0.317291713451606
"1689",2024-06-29,"Manaus",0.068285967507701
"1690",2024-06-29,"Fortaleza",0.135692310479481
"1691",2024-06-29,"Rio de Janeiro",0.122340318484781
"1692",2024-06-29,"São Paulo",0.0718642221327473
"1693",2024-06-29,"Curitiba",0.0116946436806753
"1694",2024-06-29,"Recife",0.0932152163984633
"1695",2024-06-30,"Belo Horizonte",0.317310283473544
"1696",2024-06-30,"Manaus",0.068291782337358
"1697",2024-06-30,"Fortaleza",0.135697251378099
"1698",2024-06-30,"Rio de Janeiro",0.122349656420322
"1699",2024-06-30,"São Paulo",0.0719191470414903
"1700",2024-06-30,"Curitiba",0.0117098659426132
"1701",2024-06-30,"Recife",0.0932273056980899
